speaker_dir,character_name,subset,category,label,path,sample_rate,segment_duration_sec,rms_db,spectral_centroid_hz,peak_frequency_hz,low_band_ratio,mid_band_ratio,high_band_ratio,air_band_ratio,spectral_flatness,zero_crossing_rate
maoto,消臭妖精ノール,単独音,sibilant,さ,research/data/raw/reference/utau-samples/maoto/単独音/さ.wav,44100,0.180000,-17.862878,845.063619,1088.888889,0.449040,0.548609,0.002253,0.000098,0.001262,0.062744
maoto,消臭妖精ノール,単独音,sibilant,し,research/data/raw/reference/utau-samples/maoto/単独音/し.wav,44100,0.180000,-22.039527,5747.933908,5222.222222,0.008537,0.016591,0.924917,0.049956,0.133934,0.242661
maoto,消臭妖精ノール,単独音,sibilant,す,research/data/raw/reference/utau-samples/maoto/単独音/す.wav,44100,0.180000,-25.406470,6175.286223,7427.777778,0.125165,0.058515,0.550664,0.265656,0.315852,0.270505
maoto,消臭妖精ノール,単独音,sibilant,せ,research/data/raw/reference/utau-samples/maoto/単独音/せ.wav,44100,0.180000,-17.053937,536.135682,716.666667,0.927966,0.068085,0.003737,0.000212,0.003835,0.085171
maoto,消臭妖精ノール,単独音,sibilant,そ,research/data/raw/reference/utau-samples/maoto/単独音/そ.wav,44100,0.180000,-15.278318,775.720799,750.000000,0.641477,0.356762,0.001590,0.000171,0.001130,0.077737
maoto,消臭妖精ノール,単独音,h_fricative,は,research/data/raw/reference/utau-samples/maoto/単独音/は.wav,44100,0.180000,-16.789801,1008.921608,1377.777778,0.373038,0.620622,0.006305,0.000034,0.001325,0.059594
maoto,消臭妖精ノール,単独音,h_fricative,ひ,research/data/raw/reference/utau-samples/maoto/単独音/ひ.wav,44100,0.180000,-15.600787,428.284209,3616.666667,0.979739,0.001205,0.018986,0.000071,0.034638,0.063626
maoto,消臭妖精ノール,単独音,h_fricative,ふ,research/data/raw/reference/utau-samples/maoto/単独音/ふ.wav,44100,0.180000,-13.116435,406.099213,733.333333,0.986803,0.012037,0.001141,0.000019,0.002984,0.035152
maoto,消臭妖精ノール,単独音,h_fricative,へ,research/data/raw/reference/utau-samples/maoto/単独音/へ.wav,44100,0.180000,-14.692466,717.515511,738.888889,0.847950,0.144565,0.007419,0.000067,0.000826,0.037294
maoto,消臭妖精ノール,単独音,h_fricative,ほ,research/data/raw/reference/utau-samples/maoto/単独音/ほ.wav,44100,0.180000,-14.113588,884.261374,1066.666667,0.329395,0.670189,0.000402,0.000014,0.000109,0.046743
maoto,消臭妖精ノール,単独音soft,sibilant,さ,research/data/raw/reference/utau-samples/maoto/単独音soft/さ.wav,44100,0.180000,-20.055583,1044.635313,1022.222222,0.450013,0.520787,0.011123,0.018076,0.032775,0.250976
maoto,消臭妖精ノール,単独音soft,sibilant,し,research/data/raw/reference/utau-samples/maoto/単独音soft/し.wav,44100,0.180000,-21.885651,6824.080610,6111.111111,0.000428,0.001619,0.861701,0.136253,0.097781,0.297846
maoto,消臭妖精ノール,単独音soft,sibilant,す,research/data/raw/reference/utau-samples/maoto/単独音soft/す.wav,44100,0.180000,-25.619816,7250.581363,6344.444444,0.005027,0.006102,0.719443,0.269428,0.147216,0.293436
maoto,消臭妖精ノール,単独音soft,sibilant,せ,research/data/raw/reference/utau-samples/maoto/単独音soft/せ.wav,44100,0.180000,-21.821184,3523.346569,677.777778,0.609672,0.037352,0.067788,0.285188,0.180904,0.297720
maoto,消臭妖精ノール,単独音soft,sibilant,そ,research/data/raw/reference/utau-samples/maoto/単独音soft/そ.wav,44100,0.180000,-22.079205,4660.742329,1011.111111,0.357707,0.124415,0.174891,0.342988,0.196672,0.292680
maoto,消臭妖精ノール,単独音soft,h_fricative,は,research/data/raw/reference/utau-samples/maoto/単独音soft/は.wav,44100,0.180000,-16.977158,1207.045743,1338.888889,0.233218,0.762747,0.003927,0.000107,0.001737,0.059090
maoto,消臭妖精ノール,単独音soft,h_fricative,ひ,research/data/raw/reference/utau-samples/maoto/単独音soft/ひ.wav,44100,0.180000,-19.686753,1687.513310,4144.444444,0.716432,0.009761,0.257939,0.015869,0.201225,0.160640
maoto,消臭妖精ノール,単独音soft,h_fricative,ふ,research/data/raw/reference/utau-samples/maoto/単独音soft/ふ.wav,44100,0.180000,-15.402791,394.362251,677.777778,0.976442,0.020837,0.002596,0.000126,0.007995,0.030868
maoto,消臭妖精ノール,単独音soft,h_fricative,へ,research/data/raw/reference/utau-samples/maoto/単独音soft/へ.wav,44100,0.180000,-17.074256,755.209108,688.888889,0.717621,0.262460,0.019579,0.000340,0.007495,0.056445
maoto,消臭妖精ノール,単独音soft,h_fricative,ほ,research/data/raw/reference/utau-samples/maoto/単独音soft/ほ.wav,44100,0.180000,-14.943988,920.672164,1050.000000,0.320376,0.672364,0.006908,0.000352,0.001021,0.051909
maoto,消臭妖精ノール,単独音vivid,sibilant,さ,research/data/raw/reference/utau-samples/maoto/単独音vivid/さ.wav,44100,0.180000,-18.030898,1671.067164,1088.888889,0.035596,0.905312,0.058944,0.000147,0.003812,0.060350
maoto,消臭妖精ノール,単独音vivid,sibilant,し,research/data/raw/reference/utau-samples/maoto/単独音vivid/し.wav,44100,0.180000,-18.482294,5849.996562,6416.666667,0.144853,0.002463,0.749356,0.103329,0.094149,0.241527
maoto,消臭妖精ノール,単独音vivid,sibilant,す,research/data/raw/reference/utau-samples/maoto/単独音vivid/す.wav,44100,0.180000,-22.570982,6424.213321,5688.888889,0.077302,0.016072,0.667297,0.239329,0.236211,0.259166
maoto,消臭妖精ノール,単独音vivid,sibilant,せ,research/data/raw/reference/utau-samples/maoto/単独音vivid/せ.wav,44100,0.180000,-22.472934,1223.945087,822.222222,0.864915,0.057333,0.033171,0.044581,0.102188,0.274033
maoto,消臭妖精ノール,単独音vivid,sibilant,そ,research/data/raw/reference/utau-samples/maoto/単独音vivid/そ.wav,44100,0.180000,-18.887727,1236.714294,1116.666667,0.235615,0.739756,0.024047,0.000582,0.007232,0.188988
maoto,消臭妖精ノール,単独音vivid,h_fricative,は,research/data/raw/reference/utau-samples/maoto/単独音vivid/は.wav,44100,0.180000,-18.130666,1893.035728,1505.555556,0.016001,0.862334,0.121624,0.000041,0.002637,0.093360
maoto,消臭妖精ノール,単独音vivid,h_fricative,ひ,research/data/raw/reference/utau-samples/maoto/単独音vivid/ひ.wav,44100,0.180000,-18.356278,2393.783674,3594.444444,0.417299,0.004149,0.577957,0.000594,0.010419,0.152577
maoto,消臭妖精ノール,単独音vivid,h_fricative,ふ,research/data/raw/reference/utau-samples/maoto/単独音vivid/ふ.wav,44100,0.180000,-16.884708,1311.610302,727.777778,0.737539,0.065916,0.193190,0.003356,0.027717,0.116039
maoto,消臭妖精ノール,単独音vivid,h_fricative,へ,research/data/raw/reference/utau-samples/maoto/単独音vivid/へ.wav,44100,0.180000,-18.657949,2184.375077,1083.333333,0.201836,0.529119,0.268165,0.000880,0.013095,0.091596
maoto,消臭妖精ノール,単独音vivid,h_fricative,ほ,research/data/raw/reference/utau-samples/maoto/単独音vivid/ほ.wav,44100,0.180000,-15.026078,1263.647496,1055.555556,0.035233,0.913096,0.051360,0.000311,0.002099,0.053043
maoto,消臭妖精ノール,台詞,breath,息,research/data/raw/reference/utau-samples/maoto/台詞/息.wav,44100,0.450000,-45.143765,3524.587636,1920.000000,0.065284,0.424814,0.450030,0.059872,0.244592,0.142612
はるかぜちゃん,春音ハナ,おまけA,bonus,にょほ,research/data/raw/reference/utau-samples/はるかぜちゃん/おまけA/にょほ.wav,44100,0.297211,-22.453621,1175.306652,1221.355001,0.236430,0.727228,0.034693,0.001649,0.011878,0.070502
はるかぜちゃん,春音ハナ,おまけA,bonus,にょほう(ω),research/data/raw/reference/utau-samples/はるかぜちゃん/おまけA/にょほう(ω).wav,44100,0.450000,-18.669894,1671.206359,1191.111111,0.048394,0.811983,0.138957,0.000666,0.013029,0.097057
はるかぜちゃん,春音ハナ,おまけA,bonus,るっ(ω),research/data/raw/reference/utau-samples/はるかぜちゃん/おまけA/るっ(ω).wav,44100,0.129932,-20.234200,3182.306130,4009.790576,0.213038,0.188228,0.596844,0.001889,0.037734,0.126375
はるかぜちゃん,春音ハナ,おまけA,breath,息,research/data/raw/reference/utau-samples/はるかぜちゃん/おまけA/息.wav,44100,0.450000,-31.773261,3807.820566,4773.333333,0.073194,0.312398,0.597920,0.016488,0.161616,0.155110
はるかぜちゃん,春音ハナ,おまけA,bonus,歌いますん,research/data/raw/reference/utau-samples/はるかぜちゃん/おまけA/歌いますん.wav,44100,0.450000,-15.687795,3911.811421,4568.888889,0.029298,0.212782,0.756771,0.001149,0.024706,0.207166
はるかぜちゃん,春音ハナ,おまけA,bonus,ﾊﾌﾝ(ω),research/data/raw/reference/utau-samples/はるかぜちゃん/おまけA/ﾊﾌﾝ(ω).wav,44100,0.428889,-28.467832,1456.930398,505.958549,0.554240,0.279278,0.156069,0.010413,0.017571,0.083170
はるかぜちゃん,春音ハナ,おまけA,bonus,ﾝﾌﾝ(ω),research/data/raw/reference/utau-samples/はるかぜちゃん/おまけA/ﾝﾌﾝ(ω).wav,44100,0.450000,-26.786911,1354.302471,600.000000,0.476863,0.397943,0.123086,0.002108,0.003645,0.088490
はるかぜちゃん,春音ハナ,おまけB,bonus,にょほ,research/data/raw/reference/utau-samples/はるかぜちゃん/おまけB/にょほ.wav,44100,0.297211,-22.453621,1175.306652,1221.355001,0.236430,0.727228,0.034693,0.001649,0.011878,0.070502
はるかぜちゃん,春音ハナ,おまけB,bonus,にょほう(ω),research/data/raw/reference/utau-samples/はるかぜちゃん/おまけB/にょほう(ω).wav,44100,0.450000,-18.669894,1671.206359,1191.111111,0.048394,0.811983,0.138957,0.000666,0.013029,0.097057
はるかぜちゃん,春音ハナ,おまけB,bonus,るっ(ω),research/data/raw/reference/utau-samples/はるかぜちゃん/おまけB/るっ(ω).wav,44100,0.129932,-20.234200,3182.306130,4009.790576,0.213038,0.188228,0.596844,0.001889,0.037734,0.126375
はるかぜちゃん,春音ハナ,おまけB,breath,息,research/data/raw/reference/utau-samples/はるかぜちゃん/おまけB/息.wav,44100,0.450000,-31.773261,3807.820566,4773.333333,0.073194,0.312398,0.597920,0.016488,0.161616,0.155110
はるかぜちゃん,春音ハナ,おまけB,bonus,歌いますん,research/data/raw/reference/utau-samples/はるかぜちゃん/おまけB/歌いますん.wav,44100,0.450000,-15.687795,3911.811421,4568.888889,0.029298,0.212782,0.756771,0.001149,0.024706,0.207166
はるかぜちゃん,春音ハナ,おまけB,bonus,ﾊﾌﾝ(ω),research/data/raw/reference/utau-samples/はるかぜちゃん/おまけB/ﾊﾌﾝ(ω).wav,44100,0.428889,-28.467832,1456.930398,505.958549,0.554240,0.279278,0.156069,0.010413,0.017571,0.083170
はるかぜちゃん,春音ハナ,おまけB,bonus,ﾝﾌﾝ(ω),research/data/raw/reference/utau-samples/はるかぜちゃん/おまけB/ﾝﾌﾝ(ω).wav,44100,0.450000,-26.786911,1354.302471,600.000000,0.476863,0.397943,0.123086,0.002108,0.003645,0.088490
はるかぜちゃん,春音ハナ,単独音A,sibilant,さ,research/data/raw/reference/utau-samples/はるかぜちゃん/単独音A/さ.wav,44100,0.180000,-31.450401,1297.962636,1905.555556,0.497308,0.457110,0.031622,0.013960,0.030201,0.230440
はるかぜちゃん,春音ハナ,単独音A,sibilant,し,research/data/raw/reference/utau-samples/はるかぜちゃん/単独音A/し.wav,44100,0.180000,-40.188553,6765.100734,5561.111111,0.002915,0.003079,0.772053,0.221953,0.146057,0.280207
はるかぜちゃん,春音ハナ,単独音A,sibilant,す,research/data/raw/reference/utau-samples/はるかぜちゃん/単独音A/す.wav,44100,0.180000,-39.987160,7123.938886,10250.000000,0.133678,0.013250,0.387324,0.465747,0.298893,0.320272
はるかぜちゃん,春音ハナ,単独音A,sibilant,せ,research/data/raw/reference/utau-samples/はるかぜちゃん/単独音A/せ.wav,44100,0.180000,-48.089654,9598.645200,10516.666667,0.005059,0.007877,0.053725,0.933339,0.101430,0.316870
はるかぜちゃん,春音ハナ,単独音A,sibilant,そ,research/data/raw/reference/utau-samples/はるかぜちゃん/単独音A/そ.wav,44100,0.180000,-35.385259,1858.657692,827.777778,0.760177,0.060569,0.094078,0.085176,0.260647,0.239637
はるかぜちゃん,春音ハナ,単独音A,h_fricative,は,research/data/raw/reference/utau-samples/はるかぜちゃん/単独音A/は.wav,44100,0.180000,-34.218148,1299.591691,1522.222222,0.354199,0.604997,0.037684,0.003120,0.006858,0.060728
はるかぜちゃん,春音ハナ,単独音A,h_fricative,ひ,research/data/raw/reference/utau-samples/はるかぜちゃん/単独音A/ひ.wav,44100,0.180000,-31.859562,620.523306,3500.000000,0.939934,0.001232,0.055229,0.003605,0.030143,0.046995
はるかぜちゃん,春音ハナ,単独音A,h_fricative,ふ,research/data/raw/reference/utau-samples/はるかぜちゃん/単独音A/ふ.wav,44100,0.180000,-36.669058,467.191287,1505.555556,0.939286,0.056901,0.001977,0.001836,0.023289,0.047121
はるかぜちゃん,春音ハナ,単独音A,h_fricative,へ,research/data/raw/reference/utau-samples/はるかぜちゃん/単独音A/へ.wav,44100,0.180000,-31.135099,1275.124216,744.444444,0.752093,0.100668,0.141326,0.005913,0.011617,0.076603
はるかぜちゃん,春音ハナ,単独音A,h_fricative,ほ,research/data/raw/reference/utau-samples/はるかぜちゃん/単独音A/ほ.wav,44100,0.180000,-33.141586,646.715368,788.888889,0.858555,0.134951,0.003962,0.002533,0.001556,0.047121
はるかぜちゃん,風音フナ,単独音B,sibilant,さ,research/data/raw/reference/utau-samples/はるかぜちゃん/単独音B/さ.wav,44100,0.180000,-25.162877,1904.233241,916.666667,0.587759,0.310041,0.031761,0.070440,0.042590,0.305153
はるかぜちゃん,風音フナ,単独音B,sibilant,し,research/data/raw/reference/utau-samples/はるかぜちゃん/単独音B/し.wav,44100,0.180000,-26.353073,5776.719262,6627.777778,0.137445,0.003488,0.746438,0.112629,0.133421,0.243417
はるかぜちゃん,風音フナ,単独音B,sibilant,す,research/data/raw/reference/utau-samples/はるかぜちゃん/単独音B/す.wav,44100,0.180000,-32.244801,5109.640157,9433.333333,0.455461,0.037701,0.046577,0.460261,0.157506,0.295326
はるかぜちゃん,風音フナ,単独音B,sibilant,せ,research/data/raw/reference/utau-samples/はるかぜちゃん/単独音B/せ.wav,44100,0.180000,-31.197234,2667.160467,3094.444444,0.695691,0.008967,0.110656,0.184685,0.142209,0.336651
はるかぜちゃん,風音フナ,単独音B,sibilant,そ,research/data/raw/reference/utau-samples/はるかぜちゃん/単独音B/そ.wav,44100,0.180000,-27.460983,2564.525313,900.000000,0.605301,0.205198,0.035260,0.154240,0.093399,0.288144
はるかぜちゃん,風音フナ,単独音B,h_fricative,は,research/data/raw/reference/utau-samples/はるかぜちゃん/単独音B/は.wav,44100,0.180000,-21.259099,1385.042133,1361.111111,0.123754,0.851038,0.024716,0.000492,0.001477,0.066020
はるかぜちゃん,風音フナ,単独音B,h_fricative,ひ,research/data/raw/reference/utau-samples/はるかぜちゃん/単独音B/ひ.wav,44100,0.180000,-21.092933,3498.868135,4100.000000,0.229914,0.000867,0.768538,0.000681,0.002064,0.117047
はるかぜちゃん,風音フナ,単独音B,h_fricative,ふ,research/data/raw/reference/utau-samples/はるかぜちゃん/単独音B/ふ.wav,44100,0.180000,-24.416696,1132.824953,4022.222222,0.804519,0.040124,0.152292,0.003064,0.018888,0.088824
はるかぜちゃん,風音フナ,単独音B,h_fricative,へ,research/data/raw/reference/utau-samples/はるかぜちゃん/単独音B/へ.wav,44100,0.180000,-22.931422,2182.329695,3066.666667,0.428780,0.077382,0.492141,0.001698,0.005386,0.087565
はるかぜちゃん,風音フナ,単独音B,h_fricative,ほ,research/data/raw/reference/utau-samples/はるかぜちゃん/単独音B/ほ.wav,44100,0.180000,-17.971331,1323.835007,1366.666667,0.273618,0.693542,0.032464,0.000376,0.000436,0.061358
ろん,天羽ソラtypeLON,単独音,sibilant,さ,research/data/raw/reference/utau-samples/ろん/単独音/さ.wav,44100,0.180000,-18.551123,764.383069,805.555556,0.661508,0.334691,0.003730,0.000071,0.001459,0.093486
ろん,天羽ソラtypeLON,単独音,sibilant,し,research/data/raw/reference/utau-samples/ろん/単独音/し.wav,44100,0.180000,-27.306998,6417.605104,6061.111111,0.009330,0.008769,0.806261,0.175639,0.190074,0.256142
ろん,天羽ソラtypeLON,単独音,sibilant,す,research/data/raw/reference/utau-samples/ろん/単独音/す.wav,44100,0.180000,-20.163289,783.094011,583.333333,0.914526,0.005821,0.049810,0.029844,0.341783,0.228550
ろん,天羽ソラtypeLON,単独音,sibilant,せ,research/data/raw/reference/utau-samples/ろん/単独音/せ.wav,44100,0.180000,-18.584673,494.090906,594.444444,0.967646,0.027510,0.004766,0.000078,0.001169,0.111755
ろん,天羽ソラtypeLON,単独音,sibilant,そ,research/data/raw/reference/utau-samples/ろん/単独音/そ.wav,44100,0.180000,-20.777425,576.527652,588.888889,0.949463,0.031764,0.009645,0.009128,0.024588,0.221242
ろん,天羽ソラtypeLON,単独音,h_fricative,は,research/data/raw/reference/utau-samples/ろん/単独音/は.wav,44100,0.180000,-16.691360,911.124816,788.888889,0.751673,0.244116,0.004197,0.000015,0.000154,0.042459
ろん,天羽ソラtypeLON,単独音,h_fricative,ひ,research/data/raw/reference/utau-samples/ろん/単独音/ひ.wav,44100,0.180000,-19.945032,333.395036,3616.666667,0.978804,0.000758,0.019210,0.001228,0.171360,0.122212
ろん,天羽ソラtypeLON,単独音,h_fricative,ふ,research/data/raw/reference/utau-samples/ろん/単独音/ふ.wav,44100,0.180000,-15.367037,305.008786,616.666667,0.993896,0.004941,0.000747,0.000416,0.008519,0.013985
ろん,天羽ソラtypeLON,単独音,h_fricative,へ,research/data/raw/reference/utau-samples/ろん/単独音/へ.wav,44100,0.180000,-16.398108,524.615584,583.333333,0.950642,0.039677,0.009573,0.000108,0.000612,0.028474
ろん,天羽ソラtypeLON,単独音,h_fricative,ほ,research/data/raw/reference/utau-samples/ろん/単独音/ほ.wav,44100,0.180000,-18.229951,352.184519,611.111111,0.978885,0.020931,0.000174,0.000010,0.000155,0.007812
ろん,天羽ソラtypeLON,子音,consonant,g'1,research/data/raw/reference/utau-samples/ろん/子音/g'1.wav,44100,0.024082,-17.856938,3898.713430,3446.610169,0.222995,0.069511,0.621148,0.086345,0.288854,0.236569
ろん,天羽ソラtypeLON,子音,consonant,g'2,research/data/raw/reference/utau-samples/ろん/子音/g'2.wav,44100,0.032245,-8.863456,262.372539,3442.405063,0.990467,0.001451,0.007439,0.000643,0.126134,0.013371
ろん,天羽ソラtypeLON,子音,consonant,g1,research/data/raw/reference/utau-samples/ろん/子音/g1.wav,44100,0.017370,-11.279461,1594.895144,1784.725849,0.361930,0.553067,0.073779,0.011225,0.054334,0.066667
ろん,天羽ソラtypeLON,子音,consonant,g2,research/data/raw/reference/utau-samples/ろん/子音/g2.wav,44100,0.008912,-21.415638,450.660899,561.068702,0.967792,0.028670,0.003498,0.000039,0.002309,0.015306
ろん,天羽ソラtypeLON,子音,consonant,k'1,research/data/raw/reference/utau-samples/ろん/子音/k'1.wav,44100,0.087619,-16.347468,4210.428894,3389.673913,0.123298,0.066523,0.763943,0.046236,0.235983,0.166969
ろん,天羽ソラtypeLON,子音,consonant,k'2,research/data/raw/reference/utau-samples/ろん/子音/k'2.wav,44100,0.019955,-15.767390,250.742124,501.136364,0.997013,0.001106,0.001520,0.000362,0.087106,0.009101
ろん,天羽ソラtypeLON,子音,consonant,k1,research/data/raw/reference/utau-samples/ろん/子音/k1.wav,44100,0.023991,-12.965577,1689.487585,1792.344045,0.353014,0.547683,0.080250,0.019053,0.098431,0.065279
ろん,天羽ソラtypeLON,子音,consonant,k2,research/data/raw/reference/utau-samples/ろん/子音/k2.wav,44100,0.034104,-10.436707,608.042859,791.688830,0.876957,0.121331,0.001668,0.000044,0.000708,0.025283
平野文,星野フミカ,単独音,sibilant,さ,research/data/raw/reference/utau-samples/平野文/単独音/さ.wav,44100,0.180000,-31.922869,1183.382526,1177.777778,0.497179,0.447485,0.046634,0.008702,0.050022,0.210155
平野文,星野フミカ,単独音,sibilant,し,research/data/raw/reference/utau-samples/平野文/単独音/し.wav,44100,0.180000,-41.985301,6721.907277,6694.444444,0.010249,0.013025,0.798072,0.178655,0.197618,0.259292
平野文,星野フミカ,単独音,sibilant,す,research/data/raw/reference/utau-samples/平野文/単独音/す.wav,44100,0.180000,-43.093394,7732.733065,9944.444444,0.003193,0.007843,0.506118,0.482846,0.201769,0.328840
平野文,星野フミカ,単独音,sibilant,せ,research/data/raw/reference/utau-samples/平野文/単独音/せ.wav,44100,0.180000,-36.020050,1319.900756,611.111111,0.836408,0.044316,0.062494,0.056782,0.159528,0.265088
平野文,星野フミカ,単独音,sibilant,そ,research/data/raw/reference/utau-samples/平野文/単独音/そ.wav,44100,0.180000,-33.669748,1258.282915,888.888889,0.793074,0.108032,0.059460,0.039434,0.115847,0.238125
平野文,星野フミカ,単独音,h_fricative,は,research/data/raw/reference/utau-samples/平野文/単独音/は.wav,44100,0.180000,-28.171522,1512.426378,1227.777778,0.202303,0.680788,0.116830,0.000079,0.000749,0.081265
平野文,星野フミカ,単独音,h_fricative,ひ,research/data/raw/reference/utau-samples/平野文/単独音/ひ.wav,44100,0.180000,-33.121198,1320.665905,3094.444444,0.699115,0.004343,0.296193,0.000349,0.012891,0.127252
平野文,星野フミカ,単独音,h_fricative,ふ,research/data/raw/reference/utau-samples/平野文/単独音/ふ.wav,44100,0.180000,-33.470934,462.416984,611.111111,0.952020,0.016041,0.031102,0.000836,0.032855,0.058334
平野文,星野フミカ,単独音,h_fricative,へ,research/data/raw/reference/utau-samples/平野文/単独音/へ.wav,44100,0.180000,-32.022363,1157.074698,611.111111,0.753825,0.097322,0.148264,0.000590,0.009585,0.057704
平野文,星野フミカ,単独音,h_fricative,ほ,research/data/raw/reference/utau-samples/平野文/単独音/ほ.wav,44100,0.180000,-26.835096,1196.329317,927.777778,0.602347,0.316404,0.081163,0.000086,0.000353,0.066398
弟の姉,姉音モネ,単独音,sibilant,さ,research/data/raw/reference/utau-samples/弟の姉/単独音/さ.wav,44100,0.180000,-18.091935,1647.720004,1600.000000,0.043042,0.841272,0.115653,0.000033,0.000381,0.099534
弟の姉,姉音モネ,単独音,sibilant,し,research/data/raw/reference/utau-samples/弟の姉/単独音/し.wav,44100,0.180000,-24.549056,3684.976797,3572.222222,0.143052,0.080307,0.773978,0.002663,0.017354,0.201839
弟の姉,姉音モネ,単独音,sibilant,す,research/data/raw/reference/utau-samples/弟の姉/単独音/す.wav,44100,0.180000,-27.895202,6190.313555,533.333333,0.162573,0.047396,0.440083,0.349949,0.147112,0.271891
弟の姉,姉音モネ,単独音,sibilant,せ,research/data/raw/reference/utau-samples/弟の姉/単独音/せ.wav,44100,0.180000,-19.461813,2580.732525,538.888889,0.243081,0.327793,0.429113,0.000013,0.001619,0.097896
弟の姉,姉音モネ,単独音,sibilant,そ,research/data/raw/reference/utau-samples/弟の姉/単独音/そ.wav,44100,0.180000,-18.380111,1597.868811,1327.777778,0.140207,0.719098,0.140677,0.000018,0.000133,0.064004
弟の姉,姉音モネ,単独音,h_fricative,は,research/data/raw/reference/utau-samples/弟の姉/単独音/は.wav,44100,0.180000,-17.587094,1671.206776,1311.111111,0.022138,0.853071,0.124733,0.000058,0.000182,0.066398
弟の姉,姉音モネ,単独音,h_fricative,ひ,research/data/raw/reference/utau-samples/弟の姉/単独音/ひ.wav,44100,0.180000,-19.702302,2446.022176,3272.222222,0.328715,0.032944,0.638148,0.000193,0.001114,0.144261
弟の姉,姉音モネ,単独音,h_fricative,ふ,research/data/raw/reference/utau-samples/弟の姉/単独音/ふ.wav,44100,0.180000,-15.931744,903.418419,527.777778,0.799926,0.143393,0.056470,0.000212,0.000310,0.051153
弟の姉,姉音モネ,単独音,h_fricative,へ,research/data/raw/reference/utau-samples/弟の姉/単独音/へ.wav,44100,0.180000,-18.978119,2533.137690,527.777778,0.226412,0.372859,0.400642,0.000086,0.000282,0.083533
弟の姉,姉音モネ,単独音,h_fricative,ほ,research/data/raw/reference/utau-samples/弟の姉/単独音/ほ.wav,44100,0.180000,-17.101916,835.313397,805.555556,0.798472,0.178621,0.022642,0.000266,0.000381,0.058838
新井里美,みつこ,単独音,breath,息,research/data/raw/reference/utau-samples/新井里美/単独音/おまけ/息.wav,44100,0.416553,-42.381169,3313.102216,2002.144801,0.026504,0.465483,0.469839,0.038174,0.163012,0.155643
新井里美,みつこ,単独音,breath,息2,research/data/raw/reference/utau-samples/新井里美/単独音/おまけ/息2.wav,44100,0.450000,-42.205235,2963.975731,1984.444444,0.056489,0.569752,0.337517,0.036242,0.164830,0.149819
新井里美,みつこ,単独音,sibilant,さ,research/data/raw/reference/utau-samples/新井里美/単独音/さ.wav,44100,0.180000,-34.532413,7729.203873,9016.666667,0.165026,0.023655,0.096217,0.715102,0.136033,0.326194
新井里美,みつこ,単独音,sibilant,し,research/data/raw/reference/utau-samples/新井里美/単独音/し.wav,44100,0.180000,-40.336599,6519.234672,6183.333333,0.001446,0.008139,0.851780,0.138634,0.167998,0.294192
新井里美,みつこ,単独音,sibilant,す,research/data/raw/reference/utau-samples/新井里美/単独音/す.wav,44100,0.180000,-41.013187,8911.271386,9944.444444,0.001298,0.004521,0.291060,0.703121,0.152311,0.375205
新井里美,みつこ,単独音,sibilant,せ,research/data/raw/reference/utau-samples/新井里美/単独音/せ.wav,44100,0.180000,-36.209097,9567.464343,10122.222222,0.020743,0.002616,0.058208,0.918434,0.064027,0.350762
新井里美,みつこ,単独音,sibilant,そ,research/data/raw/reference/utau-samples/新井里美/単独音/そ.wav,44100,0.180000,-37.610116,9620.726476,9961.111111,0.012924,0.002262,0.055134,0.929679,0.074162,0.358322
新井里美,みつこ,単独音,h_fricative,は,research/data/raw/reference/utau-samples/新井里美/単独音/は.wav,44100,0.180000,-20.727350,1399.532633,1227.777778,0.037819,0.920151,0.041940,0.000090,0.000538,0.063122
新井里美,みつこ,単独音,h_fricative,ひ,research/data/raw/reference/utau-samples/新井里美/単独音/ひ.wav,44100,0.180000,-34.726591,1070.406357,4316.666667,0.807204,0.017197,0.166475,0.009123,0.146532,0.148167
新井里美,みつこ,単独音,h_fricative,ふ,research/data/raw/reference/utau-samples/新井里美/単独音/ふ.wav,44100,0.180000,-31.160167,352.172087,616.666667,0.986848,0.008533,0.001981,0.002638,0.059069,0.041703
新井里美,みつこ,単独音,h_fricative,へ,research/data/raw/reference/utau-samples/新井里美/単独音/へ.wav,44100,0.180000,-31.174195,1954.623880,583.333333,0.396760,0.349111,0.253713,0.000416,0.002304,0.067658
新井里美,みつこ,単独音,h_fricative,ほ,research/data/raw/reference/utau-samples/新井里美/単独音/ほ.wav,44100,0.180000,-28.271784,728.276350,611.111111,0.936478,0.049903,0.013287,0.000331,0.000309,0.038554
水原薫,みずお,おまけ,bonus,Let's_singing,research/data/raw/reference/utau-samples/水原薫/おまけ/Let's_singing.wav,44100,0.450000,-21.673073,1158.166233,633.333333,0.816517,0.107769,0.064339,0.011376,0.039329,0.194467
水原薫,みずお,おまけ,bonus,Let's_singing2,research/data/raw/reference/utau-samples/水原薫/おまけ/Let's_singing2.wav,44100,0.450000,-31.348019,8376.753103,9533.333333,0.096149,0.004229,0.157446,0.742176,0.172715,0.216388
水原薫,みずお,おまけ,bonus,Let's_singing3,research/data/raw/reference/utau-samples/水原薫/おまけ/Let's_singing3.wav,44100,0.450000,-30.439007,3149.548968,566.666667,0.601012,0.087365,0.081009,0.230614,0.187666,0.305080
水原薫,みずお,おまけ,breath,息,research/data/raw/reference/utau-samples/水原薫/おまけ/息.wav,44100,0.450000,-23.514622,3403.985293,1862.222222,0.081665,0.389083,0.507664,0.021587,0.115131,0.152489
水原薫,みずお,おまけ,bonus,歌います,research/data/raw/reference/utau-samples/水原薫/おまけ/歌います.wav,44100,0.450000,-35.317417,319.485333,506.666667,0.979204,0.010378,0.007499,0.002919,0.247240,0.154102
水原薫,みずお,おまけ,bonus,歌います2,research/data/raw/reference/utau-samples/水原薫/おまけ/歌います2.wav,44100,0.450000,-20.405072,1173.829614,1068.888889,0.360085,0.590674,0.048417,0.000824,0.006853,0.059665
水原薫,みずお,おまけ,bonus,歌います3,research/data/raw/reference/utau-samples/水原薫/おまけ/歌います3.wav,44100,0.450000,-12.477985,1555.622109,1400.000000,0.105720,0.800490,0.091927,0.001864,0.003709,0.065309
水原薫,みずお,おまけ,bonus,歌っちゃうからね,research/data/raw/reference/utau-samples/水原薫/おまけ/歌っちゃうからね.wav,44100,0.450000,-32.825261,546.783398,580.000000,0.951811,0.021136,0.016533,0.010520,0.103253,0.096805
水原薫,みずお,おまけ,bonus,歌っちゃうからね2,research/data/raw/reference/utau-samples/水原薫/おまけ/歌っちゃうからね2.wav,44100,0.450000,-16.720081,1408.058386,775.555556,0.365008,0.548643,0.083364,0.002985,0.028909,0.129157
水原薫,みずお,おまけ,bonus,歌っちゃうんだってヴぁ,research/data/raw/reference/utau-samples/水原薫/おまけ/歌っちゃうんだってヴぁ.wav,44100,0.450000,-15.505754,1882.262330,1100.000000,0.037427,0.848761,0.107493,0.006319,0.051412,0.093530
水原薫,みずお,おまけ,bonus,歌わせていただきます,research/data/raw/reference/utau-samples/水原薫/おまけ/歌わせていただきます.wav,44100,0.450000,-27.585479,816.709988,653.333333,0.921063,0.055173,0.022706,0.001058,0.005793,0.106279
水原薫,みずお,おまけ,bonus,語尾,research/data/raw/reference/utau-samples/水原薫/おまけ/語尾.wav,44100,0.450000,-17.903601,289.267341,866.666667,0.990917,0.005415,0.003252,0.000416,0.011703,0.037039
水原薫,みずお,単独音,sibilant,さ,research/data/raw/reference/utau-samples/水原薫/単独音/さ.wav,44100,0.180000,-16.429017,972.686188,1011.111111,0.324215,0.672065,0.003657,0.000063,0.000568,0.127378
水原薫,みずお,単独音,sibilant,し,research/data/raw/reference/utau-samples/水原薫/単独音/し.wav,44100,0.180000,-66.300840,702.243133,1005.555556,0.735065,0.243940,0.019797,0.001198,0.027154,0.050271
水原薫,みずお,単独音,sibilant,す,research/data/raw/reference/utau-samples/水原薫/単独音/す.wav,44100,0.180000,-21.009345,1657.227992,2000.000000,0.751016,0.032399,0.207044,0.009542,0.108431,0.195918
水原薫,みずお,単独音,sibilant,せ,research/data/raw/reference/utau-samples/水原薫/単独音/せ.wav,44100,0.180000,-16.569517,890.460401,683.333333,0.850900,0.108397,0.040524,0.000179,0.000917,0.101046
水原薫,みずお,単独音,sibilant,そ,research/data/raw/reference/utau-samples/水原薫/単独音/そ.wav,44100,0.180000,-15.929674,694.283994,722.222222,0.905452,0.089091,0.005393,0.000064,0.000861,0.133552
水原薫,みずお,単独音,h_fricative,は,research/data/raw/reference/utau-samples/水原薫/単独音/は.wav,44100,0.180000,-13.842999,1003.398474,1005.555556,0.160137,0.837265,0.002580,0.000018,0.000045,0.046239
水原薫,みずお,単独音,h_fricative,ひ,research/data/raw/reference/utau-samples/水原薫/単独音/ひ.wav,44100,0.180000,-16.229853,825.844082,3083.333333,0.840336,0.008347,0.151111,0.000207,0.001164,0.031498
水原薫,みずお,単独音,h_fricative,ふ,research/data/raw/reference/utau-samples/水原薫/単独音/ふ.wav,44100,0.180000,-22.140214,372.891748,672.222222,0.988782,0.009014,0.002144,0.000060,0.008986,0.045735
水原薫,みずお,単独音,h_fricative,へ,research/data/raw/reference/utau-samples/水原薫/単独音/へ.wav,44100,0.180000,-13.833409,791.620313,672.222222,0.910149,0.064245,0.025590,0.000016,0.000150,0.035026
水原薫,みずお,単独音,h_fricative,ほ,research/data/raw/reference/utau-samples/水原薫/単独音/ほ.wav,44100,0.180000,-13.658113,810.884842,666.666667,0.778376,0.221352,0.000268,0.000003,0.000009,0.032002
水原薫,みずお,単独音-light,sibilant,さ,research/data/raw/reference/utau-samples/水原薫/単独音-light/さ.wav,44100,0.180000,-15.851582,1374.027292,1183.333333,0.058606,0.934311,0.007079,0.000003,0.000214,0.051657
水原薫,みずお,単独音-light,sibilant,し,research/data/raw/reference/utau-samples/水原薫/単独音-light/し.wav,44100,0.180000,-19.502371,2000.067585,872.222222,0.720577,0.011396,0.256119,0.011908,0.051594,0.175633
水原薫,みずお,単独音-light,sibilant,す,research/data/raw/reference/utau-samples/水原薫/単独音-light/す.wav,44100,0.180000,-17.024366,759.190535,872.222222,0.936663,0.018005,0.034558,0.010774,0.089406,0.193020
水原薫,みずお,単独音-light,sibilant,せ,research/data/raw/reference/utau-samples/水原薫/単独音-light/せ.wav,44100,0.180000,-16.444952,839.747049,888.888889,0.974284,0.021167,0.004434,0.000115,0.001429,0.147663
水原薫,みずお,単独音-light,sibilant,そ,research/data/raw/reference/utau-samples/水原薫/単独音-light/そ.wav,44100,0.180000,-17.366835,829.108489,866.666667,0.916423,0.073447,0.009368,0.000763,0.003812,0.169711
水原薫,みずお,単独音-light,h_fricative,は,research/data/raw/reference/utau-samples/水原薫/単独音-light/は.wav,44100,0.180000,-14.865444,1417.921584,1572.222222,0.075604,0.922043,0.002351,0.000002,0.000166,0.055563
水原薫,みずお,単独音-light,h_fricative,ひ,research/data/raw/reference/utau-samples/水原薫/単独音-light/ひ.wav,44100,0.180000,-17.296524,735.558385,855.555556,0.917124,0.008617,0.074140,0.000119,0.006238,0.103692
水原薫,みずお,単独音-light,h_fricative,ふ,research/data/raw/reference/utau-samples/水原薫/単独音-light/ふ.wav,44100,0.180000,-16.089996,777.183935,1283.333333,0.703025,0.283295,0.013677,0.000003,0.000162,0.042837
水原薫,みずお,単独音-light,h_fricative,へ,research/data/raw/reference/utau-samples/水原薫/単独音-light/へ.wav,44100,0.180000,-13.845780,878.367918,916.666667,0.971528,0.017350,0.011115,0.000008,0.000340,0.049263
水原薫,みずお,単独音-light,h_fricative,ほ,research/data/raw/reference/utau-samples/水原薫/単独音-light/ほ.wav,44100,0.180000,-14.063086,799.986634,844.444444,0.904064,0.094819,0.001108,0.000009,0.000043,0.042711
水原薫,みずお,単独音-vivid,sibilant,さ,research/data/raw/reference/utau-samples/水原薫/単独音-vivid/さ.wav,44100,0.180000,-17.582393,1162.882962,1027.777778,0.240152,0.754551,0.005275,0.000021,0.000470,0.084415
水原薫,みずお,単独音-vivid,sibilant,し,research/data/raw/reference/utau-samples/水原薫/単独音-vivid/し.wav,44100,0.180000,-21.649961,5147.799939,7477.777778,0.225467,0.007944,0.710145,0.056445,0.052485,0.208895
水原薫,みずお,単独音-vivid,sibilant,す,research/data/raw/reference/utau-samples/水原薫/単独音-vivid/す.wav,44100,0.180000,-17.846770,695.464283,5377.777778,0.941970,0.009088,0.044854,0.004088,0.140885,0.169082
水原薫,みずお,単独音-vivid,sibilant,せ,research/data/raw/reference/utau-samples/水原薫/単独音-vivid/せ.wav,44100,0.180000,-20.673944,743.452905,500.000000,0.935604,0.025235,0.029512,0.009649,0.033382,0.207635
水原薫,みずお,単独音-vivid,sibilant,そ,research/data/raw/reference/utau-samples/水原薫/単独音-vivid/そ.wav,44100,0.180000,-18.725650,646.388013,694.444444,0.887660,0.104251,0.007763,0.000326,0.002952,0.141615
水原薫,みずお,単独音-vivid,h_fricative,は,research/data/raw/reference/utau-samples/水原薫/単独音-vivid/は.wav,44100,0.180000,-17.245939,1328.510974,1033.333333,0.070815,0.920620,0.008539,0.000026,0.000275,0.052665
水原薫,みずお,単独音-vivid,h_fricative,ひ,research/data/raw/reference/utau-samples/水原薫/単独音-vivid/ひ.wav,44100,0.180000,-18.844880,575.503775,650.000000,0.932022,0.000490,0.067410,0.000078,0.011161,0.087817
水原薫,みずお,単独音-vivid,h_fricative,ふ,research/data/raw/reference/utau-samples/水原薫/単独音-vivid/ふ.wav,44100,0.180000,-16.147725,424.972360,1427.777778,0.969627,0.027221,0.003128,0.000023,0.005107,0.037294
水原薫,みずお,単独音-vivid,h_fricative,へ,research/data/raw/reference/utau-samples/水原薫/単独音-vivid/へ.wav,44100,0.180000,-14.552758,687.340616,655.555556,0.984050,0.006235,0.009650,0.000066,0.000412,0.032758
水原薫,みずお,単独音-vivid,h_fricative,ほ,research/data/raw/reference/utau-samples/水原薫/単独音-vivid/ほ.wav,44100,0.180000,-14.509886,561.621882,605.555556,0.993315,0.006271,0.000378,0.000037,0.000040,0.033136
真田アサミ,アサ音さな,おまけ,bonus,お歌楽しいな,research/data/raw/reference/utau-samples/真田アサミ/おまけ/お歌楽しいな.wav,44100,0.450000,-22.465991,1413.562871,542.222222,0.516537,0.379780,0.100092,0.003591,0.043842,0.129863
真田アサミ,アサ音さな,おまけ,bonus,じゃあ歌うわよ,research/data/raw/reference/utau-samples/真田アサミ/おまけ/じゃあ歌うわよ.wav,44100,0.450000,-20.878159,1212.068054,766.666667,0.535142,0.434198,0.029294,0.001367,0.011022,0.041977
真田アサミ,アサ音さな,おまけ,bonus,じゃあ歌うわよ2,research/data/raw/reference/utau-samples/真田アサミ/おまけ/じゃあ歌うわよ2.wav,44100,0.450000,-24.539068,1204.591785,748.888889,0.514225,0.444852,0.040148,0.000775,0.007358,0.039004
真田アサミ,アサ音さな,おまけ,bonus,では、歌わせていただきます,research/data/raw/reference/utau-samples/真田アサミ/おまけ/では、歌わせていただきます.wav,44100,0.450000,-24.014664,1289.686002,611.111111,0.614660,0.294502,0.089854,0.000985,0.007443,0.101240
真田アサミ,アサ音さな,おまけ,bonus,では、歌わせていただきます2,research/data/raw/reference/utau-samples/真田アサミ/おまけ/では、歌わせていただきます2.wav,44100,0.450000,-24.615250,1233.729069,686.666667,0.655050,0.255646,0.088415,0.000889,0.004243,0.091060
真田アサミ,アサ音さな,おまけ,bonus,ねぇ！一緒に歌おうよ,research/data/raw/reference/utau-samples/真田アサミ/おまけ/ねぇ！一緒に歌おうよ.wav,44100,0.450000,-27.885354,2660.467890,1568.888889,0.043163,0.503248,0.451979,0.001610,0.016886,0.182977
真田アサミ,アサ音さな,おまけ,bonus,上手く歌えるかな,research/data/raw/reference/utau-samples/真田アサミ/おまけ/上手く歌えるかな.wav,44100,0.450000,-30.002561,1067.468551,624.444444,0.613878,0.342949,0.043002,0.000171,0.005170,0.032050
真田アサミ,アサ音さな,おまけ,bonus,上手く歌えるかな2,research/data/raw/reference/utau-samples/真田アサミ/おまけ/上手く歌えるかな2.wav,44100,0.450000,-25.817768,848.581458,620.000000,0.780423,0.204968,0.014356,0.000253,0.004752,0.034116
真田アサミ,アサ音さな,おまけ,breath,息1,research/data/raw/reference/utau-samples/真田アサミ/おまけ/息1.wav,44100,0.441134,-20.648838,4311.807651,3989.719338,0.070582,0.349991,0.444524,0.134902,0.340583,0.152316
真田アサミ,アサ音さな,おまけ,breath,息2,research/data/raw/reference/utau-samples/真田アサミ/おまけ/息2.wav,44100,0.343855,-21.878375,3544.073368,1986.303086,0.112845,0.403439,0.442347,0.041368,0.224909,0.155048
真田アサミ,アサ音さな,おまけ,bonus,歌うよ,research/data/raw/reference/utau-samples/真田アサミ/おまけ/歌うよ.wav,44100,0.450000,-19.005309,2000.228631,902.222222,0.354034,0.370387,0.273822,0.001757,0.015294,0.081990
真田アサミ,アサ音さな,おまけ,bonus,歌っちゃおうかな,research/data/raw/reference/utau-samples/真田アサミ/おまけ/歌っちゃおうかな.wav,44100,0.450000,-22.442237,910.646247,762.222222,0.856232,0.124745,0.018532,0.000491,0.003783,0.086323
真田アサミ,アサ音さな,おまけ,bonus,私の歌、聞いてくれる？,research/data/raw/reference/utau-samples/真田アサミ/おまけ/私の歌、聞いてくれる？.wav,44100,0.450000,-43.931520,876.401972,1051.111111,0.690603,0.240163,0.064124,0.005110,0.097743,0.035477
真田アサミ,アサ音さな,おまけ,bonus,私の歌、聞いてくれる？2,research/data/raw/reference/utau-samples/真田アサミ/おまけ/私の歌、聞いてくれる？2.wav,44100,0.450000,-58.471556,332.137338,900.000000,0.979606,0.007829,0.006347,0.006218,0.362956,0.034116
真田アサミ,アサ音さな,おまけ,bonus,聞いてくれよな,research/data/raw/reference/utau-samples/真田アサミ/おまけ/聞いてくれよな.wav,44100,0.450000,-21.319204,1060.719131,642.222222,0.705147,0.237441,0.055300,0.002111,0.023254,0.052106
真田アサミ,アサ音さな,おまけ,bonus,聞きなさい,research/data/raw/reference/utau-samples/真田アサミ/おまけ/聞きなさい.wav,44100,0.450000,-20.468728,1057.776637,628.888889,0.776101,0.158660,0.058368,0.006870,0.024218,0.150574
真田アサミ,アサ音さな,おまけ,bonus,聞きなさい2,research/data/raw/reference/utau-samples/真田アサミ/おまけ/聞きなさい2.wav,44100,0.450000,-18.910436,1283.402958,751.111111,0.544552,0.373280,0.076711,0.005457,0.016290,0.138329
真田アサミ,アサ音さな,単独音,sibilant,さ,research/data/raw/reference/utau-samples/真田アサミ/単独音/さ.wav,44100,0.180000,-57.554991,1427.308771,511.111111,0.649672,0.239885,0.085520,0.024923,0.104127,0.097392
真田アサミ,アサ音さな,単独音,sibilant,し,research/data/raw/reference/utau-samples/真田アサミ/単独音/し.wav,44100,0.180000,-63.969901,1819.636206,550.000000,0.371791,0.489831,0.131393,0.006985,0.044150,0.095502
真田アサミ,アサ音さな,単独音,sibilant,す,research/data/raw/reference/utau-samples/真田アサミ/単独音/す.wav,44100,0.180000,-58.823705,1379.403496,8000.000000,0.723810,0.139220,0.086950,0.050020,0.154463,0.118937
真田アサミ,アサ音さな,単独音,sibilant,せ,research/data/raw/reference/utau-samples/真田アサミ/単独音/せ.wav,44100,0.180000,-51.379047,1555.249937,555.555556,0.376415,0.562201,0.055470,0.005913,0.040262,0.062366
真田アサミ,アサ音さな,単独音,sibilant,そ,research/data/raw/reference/utau-samples/真田アサミ/単独音/そ.wav,44100,0.180000,-47.347327,1148.435938,566.666667,0.779775,0.122326,0.062742,0.035158,0.142594,0.086053
真田アサミ,アサ音さな,単独音,h_fricative,は,research/data/raw/reference/utau-samples/真田アサミ/単独音/は.wav,44100,0.180000,-54.936290,3419.854886,566.666667,0.283889,0.100437,0.595537,0.020138,0.145284,0.098652
真田アサミ,アサ音さな,単独音,h_fricative,ひ,research/data/raw/reference/utau-samples/真田アサミ/単独音/ひ.wav,44100,0.180000,-51.413703,1421.340317,577.777778,0.533835,0.405145,0.048951,0.012069,0.053126,0.081139
真田アサミ,アサ音さな,単独音,h_fricative,ふ,research/data/raw/reference/utau-samples/真田アサミ/単独音/ふ.wav,44100,0.180000,-47.556858,1234.663454,550.000000,0.588572,0.335181,0.063812,0.012434,0.050364,0.074461
真田アサミ,アサ音さな,単独音,h_fricative,へ,research/data/raw/reference/utau-samples/真田アサミ/単独音/へ.wav,44100,0.180000,-46.625059,780.726186,516.666667,0.878866,0.084417,0.025851,0.010867,0.047970,0.071690
真田アサミ,アサ音さな,単独音,h_fricative,ほ,research/data/raw/reference/utau-samples/真田アサミ/単独音/ほ.wav,44100,0.180000,-15.588650,872.806767,661.111111,0.680834,0.312549,0.006548,0.000069,0.000320,0.044223
真田アサミ,アサ音さな,単独音-Boyish,sibilant,さ,research/data/raw/reference/utau-samples/真田アサミ/単独音-Boyish/さ.wav,44100,0.180000,-49.031520,1178.952426,516.666667,0.766166,0.136153,0.085985,0.011696,0.125441,0.074713
真田アサミ,アサ音さな,単独音-Boyish,sibilant,し,research/data/raw/reference/utau-samples/真田アサミ/単独音-Boyish/し.wav,44100,0.180000,-20.145177,1688.682525,3105.555556,0.577533,0.113019,0.307694,0.001753,0.021432,0.171853
真田アサミ,アサ音さな,単独音-Boyish,sibilant,す,research/data/raw/reference/utau-samples/真田アサミ/単独音-Boyish/す.wav,44100,0.180000,-56.727738,1266.905318,538.888889,0.600428,0.349648,0.037285,0.012639,0.052317,0.112385
真田アサミ,アサ音さな,単独音-Boyish,sibilant,せ,research/data/raw/reference/utau-samples/真田アサミ/単独音-Boyish/せ.wav,44100,0.180000,-57.058261,1361.276951,616.666667,0.449722,0.497541,0.037349,0.015388,0.071051,0.103440
真田アサミ,アサ音さな,単独音-Boyish,sibilant,そ,research/data/raw/reference/utau-samples/真田アサミ/単独音-Boyish/そ.wav,44100,0.180000,-63.291799,1172.884862,605.555556,0.623091,0.329870,0.036056,0.010984,0.069327,0.110873
真田アサミ,アサ音さな,単独音-Boyish,h_fricative,は,research/data/raw/reference/utau-samples/真田アサミ/単独音-Boyish/は.wav,44100,0.180000,-46.766805,1169.389200,500.000000,0.655595,0.287242,0.044881,0.012282,0.060740,0.079375
真田アサミ,アサ音さな,単独音-Boyish,h_fricative,ひ,research/data/raw/reference/utau-samples/真田アサミ/単独音-Boyish/ひ.wav,44100,0.180000,-15.955386,1680.256749,4300.000000,0.599294,0.120047,0.280490,0.000169,0.000589,0.069422
真田アサミ,アサ音さな,単独音-Boyish,h_fricative,ふ,research/data/raw/reference/utau-samples/真田アサミ/単独音-Boyish/ふ.wav,44100,0.180000,-51.924593,1614.990261,583.333333,0.688771,0.141787,0.124896,0.044547,0.159220,0.104574
真田アサミ,アサ音さな,単独音-Boyish,h_fricative,へ,research/data/raw/reference/utau-samples/真田アサミ/単独音-Boyish/へ.wav,44100,0.180000,-14.291905,1001.290649,672.222222,0.756226,0.204939,0.038717,0.000118,0.000231,0.041451
真田アサミ,アサ音さな,単独音-Boyish,h_fricative,ほ,research/data/raw/reference/utau-samples/真田アサミ/単独音-Boyish/ほ.wav,44100,0.180000,-14.169531,781.293830,677.777778,0.845216,0.139183,0.015420,0.000181,0.000102,0.030994
転少女（コロスケ）,転音コロ,単独音,sibilant,さ,research/data/raw/reference/utau-samples/転少女（コロスケ）/単独音/さ.wav,44100,0.180000,-23.338235,1284.967140,1083.333333,0.074825,0.901072,0.024041,0.000062,0.000653,0.078367
転少女（コロスケ）,転音コロ,単独音,sibilant,し,research/data/raw/reference/utau-samples/転少女（コロスケ）/単独音/し.wav,44100,0.180000,-32.112948,5514.971348,6300.000000,0.133245,0.023039,0.825341,0.018375,0.074720,0.217589
転少女（コロスケ）,転音コロ,単独音,sibilant,す,research/data/raw/reference/utau-samples/転少女（コロスケ）/単独音/す.wav,44100,0.180000,-33.335578,4475.305202,7738.888889,0.373487,0.060774,0.373459,0.192279,0.309650,0.263576
転少女（コロスケ）,転音コロ,単独音,sibilant,せ,research/data/raw/reference/utau-samples/転少女（コロスケ）/単独音/せ.wav,44100,0.180000,-24.551778,1525.988411,622.222222,0.604646,0.268357,0.126804,0.000193,0.000928,0.126748
転少女（コロスケ）,転音コロ,単独音,sibilant,そ,research/data/raw/reference/utau-samples/転少女（コロスケ）/単独音/そ.wav,44100,0.180000,-26.411157,938.544438,627.777778,0.798324,0.173130,0.028167,0.000379,0.001717,0.131284
転少女（コロスケ）,転音コロ,単独音,h_fricative,は,research/data/raw/reference/utau-samples/転少女（コロスケ）/単独音/は.wav,44100,0.180000,-22.283262,1174.563696,1083.333333,0.060798,0.925362,0.013753,0.000088,0.000484,0.054933
転少女（コロスケ）,転音コロ,単独音,h_fricative,ひ,research/data/raw/reference/utau-samples/転少女（コロスケ）/単独音/ひ.wav,44100,0.180000,-28.201669,1930.502764,3305.555556,0.534078,0.024985,0.440719,0.000218,0.008328,0.147411
転少女（コロスケ）,転音コロ,単独音,h_fricative,ふ,research/data/raw/reference/utau-samples/転少女（コロスケ）/単独音/ふ.wav,44100,0.180000,-25.230940,925.999937,666.666667,0.833055,0.114070,0.052177,0.000699,0.002564,0.038554
転少女（コロスケ）,転音コロ,単独音,h_fricative,へ,research/data/raw/reference/utau-samples/転少女（コロスケ）/単独音/へ.wav,44100,0.180000,-23.634655,1401.816370,944.444444,0.751973,0.172017,0.075903,0.000107,0.000939,0.055563
転少女（コロスケ）,転音コロ,単独音,h_fricative,ほ,research/data/raw/reference/utau-samples/転少女（コロスケ）/単独音/ほ.wav,44100,0.180000,-21.787409,975.876944,961.111111,0.866267,0.126565,0.007031,0.000137,0.000121,0.044475
金田朋子,奏音トモ,単独音,sibilant,さ,research/data/raw/reference/utau-samples/金田朋子/単独音/さ.wav,44100,0.180000,-21.589419,1874.839259,938.888889,0.515818,0.304200,0.161295,0.018687,0.113928,0.211415
金田朋子,奏音トモ,単独音,sibilant,し,research/data/raw/reference/utau-samples/金田朋子/単独音/し.wav,44100,0.180000,-19.439892,6388.619388,6922.222222,0.000268,0.033923,0.869326,0.096483,0.128951,0.294696
金田朋子,奏音トモ,単独音,sibilant,す,research/data/raw/reference/utau-samples/金田朋子/単独音/す.wav,44100,0.180000,-18.361134,6247.028087,4622.222222,0.002025,0.048091,0.696534,0.253349,0.269213,0.235353
金田朋子,奏音トモ,単独音,sibilant,せ,research/data/raw/reference/utau-samples/金田朋子/単独音/せ.wav,44100,0.180000,-19.310859,1737.189312,916.666667,0.770638,0.013014,0.178241,0.038108,0.117556,0.202847
金田朋子,奏音トモ,単独音,sibilant,そ,research/data/raw/reference/utau-samples/金田朋子/単独音/そ.wav,44100,0.180000,-18.394499,3312.387569,4694.444444,0.382435,0.044403,0.538808,0.034353,0.200617,0.190626
金田朋子,奏音トモ,単独音,h_fricative,は,research/data/raw/reference/utau-samples/金田朋子/単独音/は.wav,44100,0.180000,-20.085305,1862.906912,1816.666667,0.269724,0.661451,0.064784,0.004041,0.026855,0.103062
金田朋子,奏音トモ,単独音,h_fricative,ひ,research/data/raw/reference/utau-samples/金田朋子/単独音/ひ.wav,44100,0.180000,-14.514671,766.513094,500.000000,0.940725,0.000828,0.054765,0.003682,0.105179,0.160136
金田朋子,奏音トモ,単独音,h_fricative,ふ,research/data/raw/reference/utau-samples/金田朋子/単独音/ふ.wav,44100,0.180000,-11.340665,587.613015,922.222222,0.968965,0.008787,0.022241,0.000006,0.008420,0.081265
金田朋子,奏音トモ,単独音,h_fricative,へ,research/data/raw/reference/utau-samples/金田朋子/単独音/へ.wav,44100,0.180000,-15.630775,986.815396,911.111111,0.931195,0.012856,0.055496,0.000452,0.007066,0.092226
金田朋子,奏音トモ,単独音,h_fricative,ほ,research/data/raw/reference/utau-samples/金田朋子/単独音/ほ.wav,44100,0.180000,-15.406245,753.925520,916.666667,0.984413,0.002684,0.012697,0.000206,0.001468,0.072194
金田朋子,奏音トモ,単独音,breath,息,research/data/raw/reference/utau-samples/金田朋子/単独音/息.wav,44100,0.450000,-23.146229,2805.944498,2682.222222,0.009710,0.772940,0.206770,0.010580,0.082412,0.124824
金田朋子,奏音トモ,単独音-Dark,sibilant,さ,research/data/raw/reference/utau-samples/金田朋子/単独音-Dark/さ.wav,44100,0.180000,-22.653968,1814.358307,2672.222222,0.573154,0.250784,0.157519,0.018543,0.165181,0.169711
金田朋子,奏音トモ,単独音-Dark,sibilant,し,research/data/raw/reference/utau-samples/金田朋子/単独音-Dark/し.wav,44100,0.180000,-18.387147,5451.454495,4655.555556,0.000308,0.029725,0.936021,0.033945,0.092163,0.244551
金田朋子,奏音トモ,単独音-Dark,sibilant,す,research/data/raw/reference/utau-samples/金田朋子/単独音-Dark/す.wav,44100,0.180000,-36.508205,3273.920036,4638.888889,0.275857,0.125347,0.566159,0.032637,0.218946,0.125488
金田朋子,奏音トモ,単独音-Dark,sibilant,せ,research/data/raw/reference/utau-samples/金田朋子/単独音-Dark/せ.wav,44100,0.180000,-43.199352,1605.903477,3261.111111,0.595832,0.121325,0.268003,0.014839,0.161680,0.072446
金田朋子,奏音トモ,単独音-Dark,sibilant,そ,research/data/raw/reference/utau-samples/金田朋子/単独音-Dark/そ.wav,44100,0.180000,-44.374971,2472.323421,1933.333333,0.171845,0.469230,0.347610,0.011316,0.070713,0.157238
金田朋子,奏音トモ,単独音-Dark,h_fricative,は,research/data/raw/reference/utau-samples/金田朋子/単独音-Dark/は.wav,44100,0.180000,-19.139030,1754.341881,2216.666667,0.154422,0.780519,0.063647,0.001412,0.025168,0.091722
金田朋子,奏音トモ,単独音-Dark,h_fricative,ひ,research/data/raw/reference/utau-samples/金田朋子/単独音-Dark/ひ.wav,44100,0.180000,-46.511216,1356.906660,877.777778,0.725513,0.147495,0.078801,0.048191,0.336243,0.141363
金田朋子,奏音トモ,単独音-Dark,h_fricative,ふ,research/data/raw/reference/utau-samples/金田朋子/単独音-Dark/ふ.wav,44100,0.180000,-15.624473,1782.324517,611.111111,0.604046,0.176204,0.207012,0.012739,0.118263,0.114779
金田朋子,奏音トモ,単独音-Dark,h_fricative,へ,research/data/raw/reference/utau-samples/金田朋子/単独音-Dark/へ.wav,44100,0.180000,-44.088014,3262.197724,3216.666667,0.100090,0.109541,0.783485,0.006884,0.050473,0.130780
金田朋子,奏音トモ,単独音-Dark,h_fricative,ほ,research/data/raw/reference/utau-samples/金田朋子/単独音-Dark/ほ.wav,44100,0.180000,-17.060692,631.551291,777.777778,0.948868,0.036919,0.012181,0.002032,0.002644,0.083029
門脇舞以,まいた,単独音_PLANE,sibilant,さ,research/data/raw/reference/utau-samples/門脇舞以/単独音_PLANE/さ.wav,44100,0.180000,-48.275326,2492.146886,544.444444,0.496966,0.156902,0.301611,0.044522,0.295873,0.130150
門脇舞以,まいた,単独音_PLANE,sibilant,し,research/data/raw/reference/utau-samples/門脇舞以/単独音_PLANE/し.wav,44100,0.180000,-25.854340,5051.864084,7238.888889,0.199627,0.067299,0.628886,0.104188,0.263071,0.238503
門脇舞以,まいた,単独音_PLANE,sibilant,す,research/data/raw/reference/utau-samples/門脇舞以/単独音_PLANE/す.wav,44100,0.180000,-25.971444,7136.384077,9527.777778,0.056251,0.050017,0.442525,0.451207,0.333136,0.289656
門脇舞以,まいた,単独音_PLANE,sibilant,せ,research/data/raw/reference/utau-samples/門脇舞以/単独音_PLANE/せ.wav,44100,0.180000,-45.103074,6677.601077,7805.555556,0.072573,0.033326,0.663024,0.231076,0.293554,0.197682
門脇舞以,まいた,単独音_PLANE,sibilant,そ,research/data/raw/reference/utau-samples/門脇舞以/単独音_PLANE/そ.wav,44100,0.180000,-48.434951,1830.317529,5416.666667,0.661045,0.054633,0.252814,0.031507,0.272286,0.119441
門脇舞以,まいた,単独音_PLANE,h_fricative,は,research/data/raw/reference/utau-samples/門脇舞以/単独音_PLANE/は.wav,44100,0.180000,-46.363411,2027.061385,1211.111111,0.158484,0.673460,0.150724,0.017331,0.104280,0.078871
門脇舞以,まいた,単独音_PLANE,h_fricative,ひ,research/data/raw/reference/utau-samples/門脇舞以/単独音_PLANE/ひ.wav,44100,0.180000,-52.452248,1987.422164,600.000000,0.576813,0.140476,0.249470,0.033240,0.293702,0.078241
門脇舞以,まいた,単独音_PLANE,h_fricative,ふ,research/data/raw/reference/utau-samples/門脇舞以/単独音_PLANE/ふ.wav,44100,0.180000,-48.773717,1234.962869,1572.222222,0.759351,0.072108,0.146336,0.022205,0.299195,0.093864
門脇舞以,まいた,単独音_PLANE,h_fricative,へ,research/data/raw/reference/utau-samples/門脇舞以/単独音_PLANE/へ.wav,44100,0.180000,-46.404461,2063.269555,727.777778,0.466271,0.244812,0.269269,0.019649,0.184352,0.092730
門脇舞以,まいた,単独音_PLANE,h_fricative,ほ,research/data/raw/reference/utau-samples/門脇舞以/単独音_PLANE/ほ.wav,44100,0.180000,-55.099068,1671.148264,550.000000,0.650499,0.124601,0.192590,0.032309,0.297324,0.102180
門脇舞以,まいた,息,breath,息1,research/data/raw/reference/utau-samples/門脇舞以/息/息1.wav,44100,0.348299,-47.397268,3317.658902,605.800781,0.124869,0.380308,0.446745,0.048078,0.224772,0.141481
門脇舞以,まいた,息,breath,息2,research/data/raw/reference/utau-samples/門脇舞以/息/息2.wav,44100,0.450000,-49.740743,1515.228482,1173.333333,0.267733,0.631116,0.085938,0.015213,0.069002,0.101492
