speaker_dir,character_name,subset,vowel,source_label,path,sample_rate,segment_duration_sec,f0_hz,f1_hz,f2_hz,f3_hz,b1_hz,b2_hz,b3_hz,g1_db,g2_db,g3_db,rms_db,confidence,notes
maoto,消臭妖精ノール,単独音,a,あ,research/data/raw/reference/utau-samples/maoto/単独音/あ.wav,44100,0.450000,344.531,1063.599,,1811.918,118.596,,100.058,0.000,,-14.037,-12.856,0.667,missing_2
maoto,消臭妖精ノール,単独音,i,い,research/data/raw/reference/utau-samples/maoto/単独音/い.wav,44100,0.450000,350.000,372.129,2872.842,4087.860,37.468,194.706,60.658,-5.486,-34.479,0.000,-11.778,1.000,
maoto,消臭妖精ノール,単独音,u,う,research/data/raw/reference/utau-samples/maoto/単独音/う.wav,44100,0.450000,347.244,593.495,,1747.280,148.783,,37.217,-22.804,,0.000,-14.411,0.667,missing_2
maoto,消臭妖精ノール,単独音,e,え,research/data/raw/reference/utau-samples/maoto/単独音/え.wav,44100,0.450000,344.531,587.211,2545.402,2943.871,332.837,117.870,283.557,-19.769,0.000,-24.497,-15.581,1.000,
maoto,消臭妖精ノール,単独音,o,お,research/data/raw/reference/utau-samples/maoto/単独音/お.wav,44100,0.450000,344.531,,956.507,3552.005,,108.421,689.015,,0.000,-18.912,-12.873,0.667,missing_1
maoto,消臭妖精ノール,単独音soft,a,あ,research/data/raw/reference/utau-samples/maoto/単独音soft/あ.wav,44100,0.450000,339.231,918.617,1521.328,1968.436,255.824,189.139,127.296,0.000,-0.110,-12.393,-16.305,1.000,
maoto,消臭妖精ノール,単独音soft,i,い,research/data/raw/reference/utau-samples/maoto/単独音soft/い.wav,44100,0.450000,341.860,357.347,2904.009,3815.172,21.770,393.945,68.768,0.000,-26.965,-1.506,-14.258,1.000,
maoto,消臭妖精ノール,単独音soft,u,う,research/data/raw/reference/utau-samples/maoto/単独音soft/う.wav,44100,0.450000,341.860,424.251,1302.144,1979.310,83.717,436.957,74.789,0.000,-8.889,-0.026,-13.953,1.000,
maoto,消臭妖精ノール,単独音soft,e,え,research/data/raw/reference/utau-samples/maoto/単独音soft/え.wav,44100,0.450000,336.641,836.102,2584.843,3762.927,180.536,101.580,163.271,-12.369,-11.477,0.000,-13.213,1.000,
maoto,消臭妖精ノール,単独音soft,o,お,research/data/raw/reference/utau-samples/maoto/単独音soft/お.wav,44100,0.450000,341.860,717.165,1088.715,1720.524,302.069,128.066,321.482,-6.157,-2.896,0.000,-12.816,1.000,
maoto,消臭妖精ノール,単独音vivid,a,あ,research/data/raw/reference/utau-samples/maoto/単独音vivid/あ.wav,44100,0.450000,355.645,1048.707,1770.855,2378.362,203.122,123.085,619.589,0.000,-5.777,-37.666,-19.095,1.000,
maoto,消臭妖精ノール,単独音vivid,i,い,research/data/raw/reference/utau-samples/maoto/単独音vivid/い.wav,44100,0.450000,347.244,401.014,,3503.131,78.468,,83.066,-42.275,,0.000,-16.225,0.667,missing_2
maoto,消臭妖精ノール,単独音vivid,u,う,research/data/raw/reference/utau-samples/maoto/単独音vivid/う.wav,44100,0.450000,352.800,502.634,,1766.978,125.867,,75.076,-8.049,,0.000,-14.382,0.667,missing_2
maoto,消臭妖精ノール,単独音vivid,e,え,research/data/raw/reference/utau-samples/maoto/単独音vivid/え.wav,44100,0.450000,350.000,,2591.747,3265.820,,103.816,378.916,,0.000,-13.611,-16.371,0.667,missing_1
maoto,消臭妖精ノール,単独音vivid,o,お,research/data/raw/reference/utau-samples/maoto/単独音vivid/お.wav,44100,0.450000,350.000,,1048.208,1715.963,,41.289,99.058,,0.000,-29.741,-15.675,0.667,missing_1
はるかぜちゃん,春音ハナ,単独音A,a,あ,research/data/raw/reference/utau-samples/はるかぜちゃん/単独音A/あ.wav,44100,0.450000,400.909,,1224.557,1970.601,,94.125,157.398,,0.000,-7.380,-29.785,0.667,missing_1
はるかぜちゃん,春音ハナ,単独音A,i,い,research/data/raw/reference/utau-samples/はるかぜちゃん/単独音A/い.wav,44100,0.450000,412.150,,1665.485,3715.418,,336.835,71.748,,-45.042,0.000,-28.063,0.667,missing_1
はるかぜちゃん,春音ハナ,単独音A,u,う,research/data/raw/reference/utau-samples/はるかぜちゃん/単独音A/う.wav,44100,0.450000,408.333,424.865,1595.444,,20.527,37.607,,0.000,-28.944,,-27.447,0.667,missing_3
はるかぜちゃん,春音ハナ,単独音A,e,え,research/data/raw/reference/utau-samples/はるかぜちゃん/単独音A/え.wav,44100,0.450000,400.909,787.522,2646.894,3243.147,127.970,292.987,276.603,0.000,-33.000,-13.450,-29.214,1.000,
はるかぜちゃん,春音ハナ,単独音A,o,お,research/data/raw/reference/utau-samples/はるかぜちゃん/単独音A/お.wav,44100,0.450000,404.587,718.790,,2116.746,64.968,,503.150,0.000,,-24.402,-24.028,0.667,missing_2
はるかぜちゃん,風音フナ,単独音B,a,あ,research/data/raw/reference/utau-samples/はるかぜちゃん/単独音B/あ.wav,44100,0.450000,432.353,,1356.701,2131.591,,107.510,101.798,,-0.614,0.000,-22.426,0.667,missing_1
はるかぜちゃん,風音フナ,単独音B,i,い,research/data/raw/reference/utau-samples/はるかぜちゃん/単独音B/い.wav,44100,0.450000,441.000,,3192.090,3969.866,,240.411,55.100,,-38.693,0.000,-25.773,0.667,missing_1
はるかぜちゃん,風音フナ,単独音B,u,う,research/data/raw/reference/utau-samples/はるかぜちゃん/単独音B/う.wav,44100,0.450000,445.455,493.443,,1761.720,57.370,,30.843,-19.475,,0.000,-25.205,0.667,missing_2
はるかぜちゃん,風音フナ,単独音B,e,え,research/data/raw/reference/utau-samples/はるかぜちゃん/単独音B/え.wav,44100,0.450000,436.634,,1900.731,3068.335,,698.562,67.779,,-60.553,0.000,-23.710,0.667,missing_1
はるかぜちゃん,風音フナ,単独音B,o,お,research/data/raw/reference/utau-samples/はるかぜちゃん/単独音B/お.wav,44100,0.450000,441.000,835.570,1349.026,2004.811,162.341,60.951,240.925,-27.755,0.000,-44.533,-18.407,1.000,
ろん,天羽ソラtypeLON,単独音,a,あ,research/data/raw/reference/utau-samples/ろん/単独音/あ.wav,44100,0.450000,197.758,906.157,1423.781,3568.239,126.869,128.734,70.734,-23.278,-11.813,0.000,-15.730,1.000,
ろん,天羽ソラtypeLON,単独音,i,い,research/data/raw/reference/utau-samples/ろん/単独音/い.wav,44100,0.450000,205.116,378.683,2815.450,3467.955,35.541,68.824,109.792,-5.337,-11.127,0.000,-14.619,1.000,
ろん,天羽ソラtypeLON,単独音,u,う,research/data/raw/reference/utau-samples/ろん/単独音/う.wav,44100,0.450000,199.548,386.060,1543.762,2830.232,26.642,71.277,160.884,0.000,-8.756,-29.257,-13.576,1.000,
ろん,天羽ソラtypeLON,単独音,e,え,research/data/raw/reference/utau-samples/ろん/単独音/え.wav,44100,0.450000,200.455,598.587,2207.828,3085.619,42.572,44.201,159.772,0.000,-3.863,-33.728,-16.591,1.000,
ろん,天羽ソラtypeLON,単独音,o,お,research/data/raw/reference/utau-samples/ろん/単独音/お.wav,44100,0.450000,197.758,572.444,1008.030,3227.103,27.465,56.981,141.769,-5.494,0.000,-33.190,-14.350,1.000,
平野文,星野フミカ,単独音,a,あ,research/data/raw/reference/utau-samples/平野文/単独音/あ.wav,44100,0.450000,317.266,,1247.530,,,79.561,,,0.000,,-28.550,0.333,missing_1;missing_3
平野文,星野フミカ,単独音,i,い,research/data/raw/reference/utau-samples/平野文/単独音/い.wav,44100,0.450000,319.565,,3145.579,3789.212,,40.307,134.108,,0.000,-10.431,-31.829,0.667,missing_1
平野文,星野フミカ,単独音,u,う,research/data/raw/reference/utau-samples/平野文/単独音/う.wav,44100,0.450000,315.000,,,3383.578,,,68.730,,,0.000,-30.584,0.333,missing_1;missing_2
平野文,星野フミカ,単独音,e,え,research/data/raw/reference/utau-samples/平野文/単独音/え.wav,44100,0.450000,306.250,643.533,2764.968,3675.677,58.983,75.825,65.603,-12.016,-0.503,0.000,-30.660,1.000,
平野文,星野フミカ,単独音,o,お,research/data/raw/reference/utau-samples/平野文/単独音/お.wav,44100,0.450000,308.392,,877.192,,,61.282,,,0.000,,-28.000,0.333,missing_1;missing_3
弟の姉,姉音モネ,単独音,a,あ,research/data/raw/reference/utau-samples/弟の姉/単独音/あ.wav,44100,0.450000,260.947,,1302.017,1842.760,,45.611,90.191,,0.000,-27.154,-19.862,0.667,missing_1
弟の姉,姉音モネ,単独音,i,い,research/data/raw/reference/utau-samples/弟の姉/単独音/い.wav,44100,0.450000,262.500,376.027,1919.262,3411.578,62.763,889.825,63.770,-43.976,-70.566,0.000,-17.687,1.000,
弟の姉,姉音モネ,単独音,u,う,research/data/raw/reference/utau-samples/弟の姉/単独音/う.wav,44100,0.450000,257.895,603.945,,3557.191,75.605,,56.257,-14.161,,0.000,-18.823,0.667,missing_2
弟の姉,姉音モネ,単独音,e,え,research/data/raw/reference/utau-samples/弟の姉/単独音/え.wav,44100,0.450000,259.412,650.620,2131.681,2833.748,77.139,733.114,64.855,-43.074,-45.007,0.000,-19.660,1.000,
弟の姉,姉音モネ,単独音,o,お,research/data/raw/reference/utau-samples/弟の姉/単独音/お.wav,44100,0.450000,262.500,,1275.544,3425.402,,98.715,674.367,,0.000,-7.288,-14.348,0.667,missing_1
新井里美,みつこ,単独音,a,あ,research/data/raw/reference/utau-samples/新井里美/単独音/あ.wav,44100,0.450000,306.250,,1230.439,3563.514,,43.394,143.540,,0.000,-50.517,-22.242,0.667,missing_1
新井里美,みつこ,単独音,i,い,research/data/raw/reference/utau-samples/新井里美/単独音/い.wav,44100,0.450000,310.563,338.772,3115.525,3733.812,52.223,24.381,71.033,-39.079,0.000,-1.624,-25.464,1.000,
新井里美,みつこ,単独音,u,う,research/data/raw/reference/utau-samples/新井里美/単独音/う.wav,44100,0.450000,310.563,346.204,,1654.570,103.544,,70.384,0.000,,-14.361,-30.083,0.667,missing_2
新井里美,みつこ,単独音,e,え,research/data/raw/reference/utau-samples/新井里美/単独音/え.wav,44100,0.450000,306.250,678.457,2687.127,3395.894,133.685,139.013,104.717,-38.951,-28.039,0.000,-25.554,1.000,
新井里美,みつこ,単独音,o,お,research/data/raw/reference/utau-samples/新井里美/単独音/お.wav,44100,0.450000,310.563,750.827,,3450.154,67.375,,168.507,-7.589,,0.000,-23.730,0.667,missing_2
水原薫,みずお,単独音,a,あ,research/data/raw/reference/utau-samples/水原薫/単独音/あ.wav,44100,0.450000,329.104,1002.695,1644.254,3469.378,55.762,64.657,537.053,-0.233,0.000,-44.460,-15.634,1.000,
水原薫,みずお,単独音,i,い,research/data/raw/reference/utau-samples/水原薫/単独音/い.wav,44100,0.450000,329.104,,2947.546,3546.298,,38.634,87.819,,0.000,-5.562,-15.341,0.667,missing_1
水原薫,みずお,単独音,u,う,research/data/raw/reference/utau-samples/水原薫/単独音/う.wav,44100,0.450000,336.641,357.589,1429.601,1690.170,23.718,604.889,24.983,-8.761,-47.125,0.000,-12.019,1.000,
水原薫,みずお,単独音,e,え,research/data/raw/reference/utau-samples/水原薫/単独音/え.wav,44100,0.450000,326.667,,2297.431,3487.354,,25.925,201.118,,0.000,-48.295,-13.400,0.667,missing_1
水原薫,みずお,単独音,o,お,research/data/raw/reference/utau-samples/水原薫/単独音/お.wav,44100,0.450000,329.104,,1050.135,1921.733,,84.112,460.654,,0.000,-25.202,-12.194,0.667,missing_1
水原薫,みずお,単独音-light,a,あ,research/data/raw/reference/utau-samples/水原薫/単独音-light/あ.wav,44100,0.450000,416.038,920.636,1640.229,2047.875,140.624,46.892,189.977,-31.089,0.000,-12.812,-24.653,1.000,
水原薫,みずお,単独音-light,i,い,research/data/raw/reference/utau-samples/水原薫/単独音-light/い.wav,44100,0.450000,412.150,435.078,2815.345,3734.999,26.446,228.081,104.588,-10.206,-30.204,0.000,-18.105,1.000,
水原薫,みずお,単独音-light,u,う,research/data/raw/reference/utau-samples/水原薫/単独音-light/う.wav,44100,0.450000,420.000,515.850,1162.157,1667.957,96.565,104.578,63.312,-34.331,-44.269,0.000,-17.954,1.000,
水原薫,みずお,単独音-light,e,え,research/data/raw/reference/utau-samples/水原薫/単独音-light/え.wav,44100,0.450000,408.333,795.904,1501.121,3226.679,59.447,408.147,286.399,0.000,-49.342,-16.163,-16.328,1.000,
水原薫,みずお,単独音-light,o,お,research/data/raw/reference/utau-samples/水原薫/単独音-light/お.wav,44100,0.450000,420.000,812.831,1276.239,1947.815,57.847,27.225,870.462,-40.669,0.000,-52.080,-14.525,1.000,
水原薫,みずお,単独音-vivid,a,あ,research/data/raw/reference/utau-samples/水原薫/単独音-vivid/あ.wav,44100,0.450000,212.019,1066.287,1709.282,2166.400,33.105,71.390,508.171,0.000,-1.876,-18.747,-16.437,1.000,
水原薫,みずお,単独音-vivid,i,い,research/data/raw/reference/utau-samples/水原薫/単独音-vivid/い.wav,44100,0.450000,212.019,365.359,2721.062,3653.746,99.825,674.865,55.811,0.000,-9.656,-0.719,-16.071,1.000,
水原薫,みずお,単独音-vivid,u,う,research/data/raw/reference/utau-samples/水原薫/単独音-vivid/う.wav,44100,0.450000,206.075,,1413.448,1714.301,,82.822,273.715,,0.000,-22.817,-15.979,0.667,missing_1
水原薫,みずお,単独音-vivid,e,え,research/data/raw/reference/utau-samples/水原薫/単独音-vivid/え.wav,44100,0.450000,203.226,,1501.847,2808.698,,418.443,86.341,,-30.655,0.000,-15.917,0.667,missing_1
水原薫,みずお,単独音-vivid,o,お,research/data/raw/reference/utau-samples/水原薫/単独音-vivid/お.wav,44100,0.450000,205.116,593.519,1024.059,,26.362,62.399,,-14.989,0.000,,-13.971,0.667,missing_3
真田アサミ,アサ音さな,単独音,a,あ,research/data/raw/reference/utau-samples/真田アサミ/単独音/あ.wav,44100,0.450000,355.645,1095.864,1771.515,3536.944,58.601,81.640,97.883,-13.435,0.000,-10.075,-17.180,1.000,
真田アサミ,アサ音さな,単独音,i,い,research/data/raw/reference/utau-samples/真田アサミ/単独音/い.wav,44100,0.450000,352.800,,2830.672,3493.251,,32.964,130.687,,0.000,-34.932,-18.997,0.667,missing_1
真田アサミ,アサ音さな,単独音,u,う,research/data/raw/reference/utau-samples/真田アサミ/単独音/う.wav,44100,0.450000,350.000,592.075,,3115.471,111.762,,53.826,-33.643,,0.000,-16.214,0.667,missing_2
真田アサミ,アサ音さな,単独音,e,え,research/data/raw/reference/utau-samples/真田アサミ/単独音/え.wav,44100,0.450000,344.531,683.835,2411.264,3273.857,60.951,37.558,123.695,0.000,-4.102,-41.173,-19.197,1.000,
真田アサミ,アサ音さな,単独音,o,お,research/data/raw/reference/utau-samples/真田アサミ/単独音/お.wav,44100,0.450000,350.000,768.370,1382.289,3431.919,89.813,33.361,216.099,-20.985,0.000,-23.944,-19.686,1.000,
真田アサミ,アサ音さな,単独音-Boyish,a,あ,research/data/raw/reference/utau-samples/真田アサミ/単独音-Boyish/あ.wav,44100,0.450000,347.244,836.516,,3185.242,76.606,,102.393,-2.622,,0.000,-15.462,0.667,missing_2
真田アサミ,アサ音さな,単独音-Boyish,i,い,research/data/raw/reference/utau-samples/真田アサミ/単独音-Boyish/い.wav,44100,0.450000,352.800,467.948,2449.050,4195.523,102.306,23.909,60.152,-32.485,0.000,-11.802,-18.472,1.000,
真田アサミ,アサ音さな,単独音-Boyish,u,う,research/data/raw/reference/utau-samples/真田アサミ/単独音-Boyish/う.wav,44100,0.450000,350.000,,676.407,1631.853,,103.237,109.590,,0.000,-11.795,-17.002,0.667,missing_1
真田アサミ,アサ音さな,単独音-Boyish,e,え,research/data/raw/reference/utau-samples/真田アサミ/単独音-Boyish/え.wav,44100,0.450000,347.244,,1706.655,3129.470,,140.500,21.736,,-39.479,0.000,-16.689,0.667,missing_1
真田アサミ,アサ音さな,単独音-Boyish,o,お,research/data/raw/reference/utau-samples/真田アサミ/単独音-Boyish/お.wav,44100,0.450000,172.941,733.510,1311.424,3115.090,33.659,68.483,45.618,-45.298,-49.678,0.000,-17.127,1.000,
転少女（コロスケ）,転音コロ,単独音,a,あ,research/data/raw/reference/utau-samples/転少女（コロスケ）/単独音/あ.wav,44100,0.450000,265.663,1026.176,1355.835,3443.360,73.722,122.872,101.279,-10.810,-10.390,0.000,-21.156,1.000,
転少女（コロスケ）,転音コロ,単独音,i,い,research/data/raw/reference/utau-samples/転少女（コロスケ）/単独音/い.wav,44100,0.450000,308.392,,3181.811,3496.702,,271.426,225.046,,0.000,-7.061,-24.684,0.667,missing_1
転少女（コロスケ）,転音コロ,単独音,u,う,research/data/raw/reference/utau-samples/転少女（コロスケ）/単独音/う.wav,44100,0.450000,312.766,614.580,,1610.643,103.249,,79.916,0.000,,-24.650,-23.101,0.667,missing_2
転少女（コロスケ）,転音コロ,単独音,e,え,research/data/raw/reference/utau-samples/転少女（コロスケ）/単独音/え.wav,44100,0.450000,304.138,,2704.050,3601.328,,74.548,151.121,,-1.469,0.000,-23.035,0.667,missing_1
転少女（コロスケ）,転音コロ,単独音,o,お,research/data/raw/reference/utau-samples/転少女（コロスケ）/単独音/お.wav,44100,0.450000,304.138,712.518,1034.546,3330.960,75.482,75.225,24.937,-48.176,-22.729,0.000,-19.959,1.000,
金田朋子,奏音トモ,単独音,a,あ,research/data/raw/reference/utau-samples/金田朋子/単独音/あ.wav,44100,0.450000,459.375,809.250,1387.202,2753.673,787.272,63.055,120.796,-51.314,0.000,-15.689,-13.808,1.000,
金田朋子,奏音トモ,単独音,i,い,research/data/raw/reference/utau-samples/金田朋子/単独音/い.wav,44100,0.450000,459.375,,1799.654,3679.100,,224.282,98.205,,-11.594,0.000,-11.521,0.667,missing_1
金田朋子,奏音トモ,単独音,u,う,research/data/raw/reference/utau-samples/金田朋子/単独音/う.wav,44100,0.450000,464.211,,1350.100,2150.694,,44.051,391.917,,0.000,-38.959,-9.185,0.667,missing_1
金田朋子,奏音トモ,単独音,e,え,research/data/raw/reference/utau-samples/金田朋子/単独音/え.wav,44100,0.450000,424.038,839.070,1999.309,3381.690,44.540,290.620,97.589,0.000,-41.548,-11.503,-13.118,1.000,
金田朋子,奏音トモ,単独音,o,お,research/data/raw/reference/utau-samples/金田朋子/単独音/お.wav,44100,0.450000,454.639,704.476,901.077,,481.747,129.613,,-44.844,0.000,,-14.445,0.667,missing_3
金田朋子,奏音トモ,単独音-Dark,a,あ,research/data/raw/reference/utau-samples/金田朋子/単独音-Dark/あ.wav,44100,0.450000,280.892,,1404.952,2255.746,,74.338,92.017,,0.000,-11.419,-18.564,0.667,missing_1
金田朋子,奏音トモ,単独音-Dark,i,い,research/data/raw/reference/utau-samples/金田朋子/単独音-Dark/い.wav,44100,0.450000,277.358,387.144,2264.854,4136.255,64.687,192.198,205.424,-19.813,-14.159,0.000,-14.187,1.000,
金田朋子,奏音トモ,単独音-Dark,u,う,research/data/raw/reference/utau-samples/金田朋子/単独音-Dark/う.wav,44100,0.450000,273.913,511.598,1256.150,,50.555,106.314,,-4.022,0.000,,-13.401,0.667,missing_3
金田朋子,奏音トモ,単独音-Dark,e,え,research/data/raw/reference/utau-samples/金田朋子/単独音-Dark/え.wav,44100,0.450000,288.235,564.560,2135.584,3397.663,22.052,180.758,95.434,0.000,-39.499,-27.051,-12.155,1.000,
金田朋子,奏音トモ,単独音-Dark,o,お,research/data/raw/reference/utau-samples/金田朋子/単独音-Dark/お.wav,44100,0.450000,131.642,547.830,956.176,,41.093,64.073,,0.000,-17.085,,-14.225,0.667,missing_3
門脇舞以,まいた,単独音_PLANE,a,あ,research/data/raw/reference/utau-samples/門脇舞以/単独音_PLANE/あ.wav,44100,0.450000,308.392,843.839,1236.338,3493.751,163.086,36.318,82.320,-48.100,0.000,-49.281,-17.241,1.000,
門脇舞以,まいた,単独音_PLANE,i,い,research/data/raw/reference/utau-samples/門脇舞以/単独音_PLANE/い.wav,44100,0.450000,310.563,325.756,3117.000,3947.248,21.073,82.375,175.329,0.000,-7.369,-20.028,-11.430,1.000,
門脇舞以,まいた,単独音_PLANE,u,う,research/data/raw/reference/utau-samples/門脇舞以/単独音_PLANE/う.wav,44100,0.450000,315.000,351.635,1206.007,3233.235,46.718,93.520,110.735,0.000,-5.183,-19.072,-11.089,1.000,
門脇舞以,まいた,単独音_PLANE,e,え,research/data/raw/reference/utau-samples/門脇舞以/単独音_PLANE/え.wav,44100,0.450000,317.266,612.807,2542.948,3501.450,49.397,109.140,133.080,-18.749,0.000,-9.795,-16.133,1.000,
門脇舞以,まいた,単独音_PLANE,o,お,research/data/raw/reference/utau-samples/門脇舞以/単独音_PLANE/お.wav,44100,0.450000,312.766,565.550,808.878,3444.821,123.853,221.221,44.133,-10.478,-24.187,0.000,-14.773,1.000,
