speaker_dir,character_name,subset,vowel,source_label,path,sample_rate,segment_duration_sec,f0_hz,f0_std_cents,rms_db,rms_std_db,spectral_centroid_hz,spectral_rolloff95_hz,low_band_ratio,mid_band_ratio,high_band_ratio,spectral_slope_db_per_khz,harmonic_slope_db_per_harmonic,nonharmonic_energy_ratio
maoto,消臭妖精ノール,単独音,a,あ,research/data/raw/reference/utau-samples/maoto/単独音/あ.wav,44100,0.450000,344.531250,9.076135,-12.855693,0.268505,922.871668,1733.333333,0.395327,0.601321,0.003352,-3.524527,-3.961506,0.006704
maoto,消臭妖精ノール,単独音,i,い,research/data/raw/reference/utau-samples/maoto/単独音/い.wav,44100,0.450000,350.000000,24.392686,-11.777614,0.239780,475.333336,700.000000,0.962839,0.002375,0.034785,4.345131,-1.774941,0.021530
maoto,消臭妖精ノール,単独音,u,う,research/data/raw/reference/utau-samples/maoto/単独音/う.wav,44100,0.450000,347.244094,10.137074,-14.410910,0.085312,463.021787,697.777778,0.955292,0.042782,0.001926,-1.106066,-3.075643,0.001976
maoto,消臭妖精ノール,単独音,e,え,research/data/raw/reference/utau-samples/maoto/単独音/え.wav,44100,0.450000,344.531250,278.118386,-15.580779,0.138076,804.898350,2411.111111,0.664226,0.323334,0.012439,-1.258907,-2.760871,0.013577
maoto,消臭妖精ノール,単独音,o,お,research/data/raw/reference/utau-samples/maoto/単独音/お.wav,44100,0.450000,344.531250,9.953295,-12.872690,0.151948,934.239098,1382.222222,0.339459,0.655961,0.004581,-2.439455,-3.672676,0.003621
maoto,消臭妖精ノール,単独音soft,a,あ,research/data/raw/reference/utau-samples/maoto/単独音soft/あ.wav,44100,0.450000,339.230769,9.481950,-16.305323,0.213691,906.816796,1717.777778,0.526349,0.460482,0.013169,-2.512435,-3.107181,0.028656
maoto,消臭妖精ノール,単独音soft,i,い,research/data/raw/reference/utau-samples/maoto/単独音soft/い.wav,44100,0.450000,341.860465,274.184886,-14.258123,0.131409,479.205361,680.000000,0.958363,0.004755,0.036882,3.107778,-2.135683,0.020124
maoto,消臭妖精ノール,単独音soft,u,う,research/data/raw/reference/utau-samples/maoto/単独音soft/う.wav,44100,0.450000,341.860465,11.044578,-13.953366,0.103907,444.514791,686.666667,0.961740,0.030316,0.007943,-0.420177,-2.877424,0.009328
maoto,消臭妖精ノール,単独音soft,e,え,research/data/raw/reference/utau-samples/maoto/単独音soft/え.wav,44100,0.450000,336.641221,10.167052,-13.213344,0.299183,676.416541,1022.222222,0.788102,0.197723,0.014172,-0.838029,-2.542046,0.017749
maoto,消臭妖精ノール,単独音soft,o,お,research/data/raw/reference/utau-samples/maoto/単独音soft/お.wav,44100,0.450000,341.860465,7.705286,-12.816423,0.286363,811.944136,1362.222222,0.489796,0.505368,0.004835,-2.151214,-3.526847,0.010762
maoto,消臭妖精ノール,単独音vivid,a,あ,research/data/raw/reference/utau-samples/maoto/単独音vivid/あ.wav,44100,0.450000,355.645161,18.545514,-19.095156,0.610031,1770.870059,4548.888889,0.107483,0.796310,0.096206,0.633980,-2.022614,0.178994
maoto,消臭妖精ノール,単独音vivid,i,い,research/data/raw/reference/utau-samples/maoto/単独音vivid/い.wav,44100,0.450000,347.244094,15.278013,-16.225345,0.589252,1859.382146,4786.666667,0.582390,0.006064,0.411546,9.060542,0.123822,0.229624
maoto,消臭妖精ノール,単独音vivid,u,う,research/data/raw/reference/utau-samples/maoto/単独音vivid/う.wav,44100,0.450000,352.800000,12.334554,-14.382134,0.401545,1623.713567,4940.000000,0.687138,0.048502,0.264360,3.459409,-0.723844,0.086552
maoto,消臭妖精ノール,単独音vivid,e,え,research/data/raw/reference/utau-samples/maoto/単独音vivid/え.wav,44100,0.450000,350.000000,13.332002,-16.371114,0.161685,1909.990604,5633.333333,0.380041,0.383390,0.236568,2.850647,-0.944757,0.127054
maoto,消臭妖精ノール,単独音vivid,o,お,research/data/raw/reference/utau-samples/maoto/単独音vivid/お.wav,44100,0.450000,350.000000,277.049003,-15.674834,0.295999,1454.695503,4904.444444,0.078071,0.833016,0.088913,0.867179,-1.590920,0.042488
はるかぜちゃん,春音ハナ,単独音A,a,あ,research/data/raw/reference/utau-samples/はるかぜちゃん/単独音A/あ.wav,44100,0.450000,400.909091,451.996442,-29.785216,0.516641,1216.691414,2004.444444,0.270487,0.694267,0.035245,0.035737,-2.423598,0.015845
はるかぜちゃん,春音ハナ,単独音A,i,い,research/data/raw/reference/utau-samples/はるかぜちゃん/単独音A/い.wav,44100,0.450000,412.149533,16.155468,-28.063152,0.448276,949.556546,4108.888889,0.850494,0.001175,0.148331,9.413727,0.123829,0.031987
はるかぜちゃん,春音ハナ,単独音A,u,う,research/data/raw/reference/utau-samples/はるかぜちゃん/単独音A/う.wav,44100,0.450000,408.333333,274.598943,-27.446608,0.523285,479.554688,415.555556,0.973094,0.015361,0.011544,2.101396,-2.180522,0.007033
はるかぜちゃん,春音ハナ,単独音A,e,え,research/data/raw/reference/utau-samples/はるかぜちゃん/単独音A/え.wav,44100,0.450000,400.909091,11.935132,-29.213694,0.200446,1640.882757,4422.222222,0.617771,0.139426,0.242802,3.595088,-1.080523,0.062161
はるかぜちゃん,春音ハナ,単独音A,o,お,research/data/raw/reference/utau-samples/はるかぜちゃん/単独音A/お.wav,44100,0.450000,404.587156,14.413501,-24.027645,0.383029,1041.541832,1224.444444,0.386893,0.605466,0.007641,-0.399798,-2.898807,0.005690
はるかぜちゃん,風音フナ,単独音B,a,あ,research/data/raw/reference/utau-samples/はるかぜちゃん/単独音B/あ.wav,44100,0.450000,432.352941,274.055606,-22.425934,0.927142,1546.321639,2177.777778,0.131498,0.843726,0.024776,-1.120241,-3.068116,0.025752
はるかぜちゃん,風音フナ,単独音B,i,い,research/data/raw/reference/utau-samples/はるかぜちゃん/単独音B/い.wav,44100,0.450000,441.000000,13.237584,-25.773229,0.423375,1536.603784,4895.555556,0.719100,0.001614,0.279286,8.169180,0.166100,0.158823
はるかぜちゃん,風音フナ,単独音B,u,う,research/data/raw/reference/utau-samples/はるかぜちゃん/単独音B/う.wav,44100,0.450000,445.454545,272.580997,-25.204941,0.800224,1410.607559,5353.333333,0.756595,0.051959,0.191438,3.117280,-1.639802,0.146006
はるかぜちゃん,風音フナ,単独音B,e,え,research/data/raw/reference/utau-samples/はるかぜちゃん/単独音B/え.wav,44100,0.450000,436.633663,7.161678,-23.709609,0.253038,1899.205103,4371.111111,0.502850,0.087759,0.409391,3.271678,-1.137526,0.042666
はるかぜちゃん,風音フナ,単独音B,o,お,research/data/raw/reference/utau-samples/はるかぜちゃん/単独音B/お.wav,44100,0.450000,441.000000,9.080582,-18.406971,0.526246,1286.578857,1777.777778,0.364840,0.594128,0.041032,-0.984487,-3.089292,0.035670
ろん,天羽ソラtypeLON,単独音,a,あ,research/data/raw/reference/utau-samples/ろん/単独音/あ.wav,44100,0.450000,197.757848,4.590538,-15.729578,0.248673,835.042664,1386.666667,0.799408,0.194109,0.006483,-1.146174,-1.571718,0.002213
ろん,天羽ソラtypeLON,単独音,i,い,research/data/raw/reference/utau-samples/ろん/単独音/い.wav,44100,0.450000,205.116279,7.061639,-14.619495,0.165552,319.836689,411.111111,0.986300,0.004094,0.009606,4.877466,-0.413050,0.002223
ろん,天羽ソラtypeLON,単独音,u,う,research/data/raw/reference/utau-samples/ろん/単独音/う.wav,44100,0.450000,199.547511,5.976471,-13.575752,0.202766,358.206294,404.444444,0.987541,0.011835,0.000625,-2.133655,-1.807869,0.000324
ろん,天羽ソラtypeLON,単独音,e,え,research/data/raw/reference/utau-samples/ろん/単独音/え.wav,44100,0.450000,200.454545,5.752899,-16.590558,0.332378,655.383491,2213.333333,0.912677,0.069379,0.017944,0.375795,-1.122914,0.001979
ろん,天羽ソラtypeLON,単独音,o,お,research/data/raw/reference/utau-samples/ろん/単独音/お.wav,44100,0.450000,197.757848,8.403179,-14.350341,0.252875,569.356243,988.888889,0.993407,0.005877,0.000716,-2.842131,-2.035697,0.000422
平野文,星野フミカ,単独音,a,あ,research/data/raw/reference/utau-samples/平野文/単独音/あ.wav,44100,0.450000,317.266187,20.465442,-28.549938,0.569842,1346.073910,1604.444444,0.156713,0.811475,0.031812,0.451768,-1.855287,0.058933
平野文,星野フミカ,単独音,i,い,research/data/raw/reference/utau-samples/平野文/単独音/い.wav,44100,0.450000,319.565217,11.127792,-31.829079,1.297733,1789.939805,5093.333333,0.588374,0.018307,0.393319,8.476784,0.862143,0.081014
平野文,星野フミカ,単独音,u,う,research/data/raw/reference/utau-samples/平野文/単独音/う.wav,44100,0.450000,315.000000,9.669667,-30.584126,0.663111,555.330336,3162.222222,0.928531,0.019065,0.052404,4.186899,-0.648164,0.009897
平野文,星野フミカ,単独音,e,え,research/data/raw/reference/utau-samples/平野文/単独音/え.wav,44100,0.450000,306.250000,21.913923,-30.659923,0.662019,837.821911,3062.222222,0.906928,0.041694,0.051378,1.759021,-1.858659,0.042634
平野文,星野フミカ,単独音,o,お,research/data/raw/reference/utau-samples/平野文/単独音/お.wav,44100,0.450000,308.391608,12.225699,-27.999866,1.180464,887.073947,1228.888889,0.917000,0.066487,0.016512,0.876877,-1.715270,0.010371
弟の姉,姉音モネ,単独音,a,あ,research/data/raw/reference/utau-samples/弟の姉/単独音/あ.wav,44100,0.450000,260.946746,6.925423,-19.862346,0.378257,1868.696912,4680.000000,0.038947,0.807763,0.153290,2.790374,-0.653465,0.036086
弟の姉,姉音モネ,単独音,i,い,research/data/raw/reference/utau-samples/弟の姉/単独音/い.wav,44100,0.450000,262.500000,8.756652,-17.686507,0.159471,3750.225955,4451.111111,0.058326,0.000770,0.940904,11.746931,1.021073,0.147797
弟の姉,姉音モネ,単独音,u,う,research/data/raw/reference/utau-samples/弟の姉/単独音/う.wav,44100,0.450000,257.894737,9.742775,-18.823392,0.184010,2015.552325,4664.444444,0.498470,0.123216,0.378314,3.567748,-0.620607,0.053595
弟の姉,姉音モネ,単独音,e,え,research/data/raw/reference/utau-samples/弟の姉/単独音/え.wav,44100,0.450000,259.411765,8.705060,-19.660324,0.273055,2925.557444,4411.111111,0.139799,0.354383,0.505818,5.728943,-0.005241,0.036998
弟の姉,姉音モネ,単独音,o,お,research/data/raw/reference/utau-samples/弟の姉/単独音/お.wav,44100,0.450000,262.500000,274.352645,-14.347717,0.212382,920.949793,1311.111111,0.869820,0.095199,0.034981,0.720120,-1.104686,0.004506
新井里美,みつこ,単独音,a,あ,research/data/raw/reference/utau-samples/新井里美/単独音/あ.wav,44100,0.450000,306.250000,18.773317,-22.241525,0.686903,1444.192529,3366.666667,0.057985,0.886507,0.055508,2.446103,-1.459544,0.065491
新井里美,みつこ,単独音,i,い,research/data/raw/reference/utau-samples/新井里美/単独音/い.wav,44100,0.450000,310.563380,24.584618,-25.464073,0.675011,2945.004827,4684.444444,0.237893,0.010369,0.751737,11.962557,0.830015,0.273359
新井里美,みつこ,単独音,u,う,research/data/raw/reference/utau-samples/新井里美/単独音/う.wav,44100,0.450000,310.563380,377.035480,-30.083393,0.825518,852.807031,4364.444444,0.852932,0.041742,0.105326,2.507260,-1.747749,0.019541
新井里美,みつこ,単独音,e,え,research/data/raw/reference/utau-samples/新井里美/単独音/え.wav,44100,0.450000,306.250000,10.571791,-25.554292,0.258206,2686.815737,4020.000000,0.206406,0.232304,0.561290,4.382204,-0.300105,0.061278
新井里美,みつこ,単独音,o,お,research/data/raw/reference/utau-samples/新井里美/単独音/お.wav,44100,0.450000,310.563380,8.304443,-23.730160,0.442463,1204.406701,4328.888889,0.562378,0.352829,0.084793,1.696588,-1.103124,0.006103
水原薫,みずお,単独音,a,あ,research/data/raw/reference/utau-samples/水原薫/単独音/あ.wav,44100,0.450000,329.104478,9.755885,-15.634056,1.031639,910.192667,1313.333333,0.918640,0.079740,0.001619,-1.648508,-3.027698,0.003185
水原薫,みずお,単独音,i,い,research/data/raw/reference/utau-samples/水原薫/単独音/い.wav,44100,0.450000,329.104478,272.889747,-15.340927,0.384769,563.484522,3273.333333,0.928740,0.017299,0.053962,7.326008,-0.719549,0.014042
水原薫,みずお,単独音,u,う,research/data/raw/reference/utau-samples/水原薫/単独音/う.wav,44100,0.450000,336.641221,11.032497,-12.019342,0.808032,386.636611,353.333333,0.969967,0.028250,0.001783,0.220095,-2.915901,0.000380
水原薫,みずお,単独音,e,え,research/data/raw/reference/utau-samples/水原薫/単独音/え.wav,44100,0.450000,326.666667,9.185304,-13.400282,0.620840,716.532076,984.444444,0.955582,0.034710,0.009707,1.465670,-2.089404,0.001781
水原薫,みずお,単独音,o,お,research/data/raw/reference/utau-samples/水原薫/単独音/お.wav,44100,0.450000,329.104478,13.634621,-12.194370,0.142461,664.545935,984.444444,0.994573,0.004924,0.000503,-2.876931,-3.438903,0.001382
水原薫,みずお,単独音-light,a,あ,research/data/raw/reference/utau-samples/水原薫/単独音-light/あ.wav,44100,0.450000,416.037736,18.759569,-24.653485,1.213202,1388.515017,1677.777778,0.245726,0.746895,0.007378,-1.863386,-3.486764,0.048130
水原薫,みずお,単独音-light,i,い,research/data/raw/reference/utau-samples/水原薫/単独音-light/い.wav,44100,0.450000,412.149533,762.673969,-18.105448,0.442859,813.467249,4142.222222,0.894186,0.011664,0.094149,7.180836,-1.272898,0.057114
水原薫,みずお,単独音-light,u,う,research/data/raw/reference/utau-samples/水原薫/単独音-light/う.wav,44100,0.450000,420.000000,443.476460,-17.953690,0.459722,658.078228,1264.444444,0.868913,0.121671,0.009416,-1.162479,-4.948300,0.009437
水原薫,みずお,単独音-light,e,え,research/data/raw/reference/utau-samples/水原薫/単独音-light/え.wav,44100,0.450000,408.333333,16.665534,-16.328263,0.629897,840.913818,1237.777778,0.902916,0.080262,0.016822,1.323215,-2.846476,0.015855
水原薫,みずお,単独音-light,o,お,research/data/raw/reference/utau-samples/水原薫/単独音-light/お.wav,44100,0.450000,420.000000,5.206493,-14.525098,0.443826,879.265427,1264.444444,0.727815,0.271357,0.000827,-3.323225,-6.283740,0.001534
水原薫,みずお,単独音-vivid,a,あ,research/data/raw/reference/utau-samples/水原薫/単独音-vivid/あ.wav,44100,0.450000,212.019231,26.247899,-16.437014,1.026343,1263.558988,1868.888889,0.066733,0.919465,0.013802,-1.290730,-1.458349,0.044747
水原薫,みずお,単独音-vivid,i,い,research/data/raw/reference/utau-samples/水原薫/単独音-vivid/い.wav,44100,0.450000,212.019231,28.338938,-16.071062,0.262941,543.626956,3708.888889,0.943331,0.000840,0.055827,7.396654,-0.560287,0.044536
水原薫,みずお,単独音-vivid,u,う,research/data/raw/reference/utau-samples/水原薫/単独音-vivid/う.wav,44100,0.450000,206.074766,19.235886,-15.978827,0.342256,445.458379,422.222222,0.970194,0.024662,0.005144,-0.571749,-1.920582,0.004956
水原薫,みずお,単独音-vivid,e,え,research/data/raw/reference/utau-samples/水原薫/単独音-vivid/え.wav,44100,0.450000,203.225806,26.625876,-15.916505,0.683683,644.724866,628.888889,0.978696,0.016784,0.004520,1.176342,-1.173322,0.006915
水原薫,みずお,単独音-vivid,o,お,research/data/raw/reference/utau-samples/水原薫/単独音-vivid/お.wav,44100,0.450000,205.116279,20.911877,-13.971224,0.335187,623.556943,1026.666667,0.899509,0.098682,0.001809,-1.888485,-1.792217,0.002224
真田アサミ,アサ音さな,単独音,a,あ,research/data/raw/reference/utau-samples/真田アサミ/単独音/あ.wav,44100,0.450000,355.645161,5.827908,-17.179877,1.062106,994.042693,1424.444444,0.286179,0.707331,0.006490,-1.115686,-2.611078,0.002006
真田アサミ,アサ音さな,単独音,i,い,research/data/raw/reference/utau-samples/真田アサミ/単独音/い.wav,44100,0.450000,352.800000,6.555148,-18.996701,0.791426,823.825579,3526.666667,0.854988,0.070683,0.074329,6.081738,-0.605477,0.004057
真田アサミ,アサ音さな,単独音,u,う,research/data/raw/reference/utau-samples/真田アサミ/単独音/う.wav,44100,0.450000,350.000000,11.300133,-16.213941,0.545407,607.515905,2102.222222,0.906815,0.076945,0.016238,1.840690,-2.078926,0.001689
真田アサミ,アサ音さな,単独音,e,え,research/data/raw/reference/utau-samples/真田アサミ/単独音/え.wav,44100,0.450000,344.531250,6.789188,-19.197454,0.172377,806.520209,2415.555556,0.857521,0.121262,0.021217,0.686389,-2.083442,0.005318
真田アサミ,アサ音さな,単独音,o,お,research/data/raw/reference/utau-samples/真田アサミ/単独音/お.wav,44100,0.450000,350.000000,6.451508,-19.686204,0.237586,954.651793,1397.777778,0.487027,0.510070,0.002903,-1.564254,-2.771547,0.000817
真田アサミ,アサ音さな,単独音-Boyish,a,あ,research/data/raw/reference/utau-samples/真田アサミ/単独音-Boyish/あ.wav,44100,0.450000,347.244094,6.747149,-15.461867,0.433406,1281.559243,1393.333333,0.158934,0.814256,0.026807,0.491815,-1.725100,0.002280
真田アサミ,アサ音さな,単独音-Boyish,i,い,research/data/raw/reference/utau-samples/真田アサミ/単独音-Boyish/い.wav,44100,0.450000,352.800000,6.897383,-18.472125,0.263502,2067.654987,4562.222222,0.395442,0.320663,0.283895,5.222407,-0.537572,0.021293
真田アサミ,アサ音さな,単独音-Boyish,u,う,research/data/raw/reference/utau-samples/真田アサミ/単独音-Boyish/う.wav,44100,0.450000,350.000000,5.100365,-17.001541,0.320209,967.570065,4197.777778,0.805437,0.103179,0.091380,-0.158434,-2.460738,0.006719
真田アサミ,アサ音さな,単独音-Boyish,e,え,research/data/raw/reference/utau-samples/真田アサミ/単独音-Boyish/え.wav,44100,0.450000,347.244094,4.301006,-16.689007,0.228327,1277.664420,3820.000000,0.693638,0.173899,0.132445,0.821967,-1.176125,0.010125
真田アサミ,アサ音さな,単独音-Boyish,o,お,research/data/raw/reference/utau-samples/真田アサミ/単独音-Boyish/お.wav,44100,0.450000,172.941176,6.747149,-17.127172,0.321491,1094.849805,4171.111111,0.693590,0.219884,0.086525,1.871934,0.280661,0.010040
転少女（コロスケ）,転音コロ,単独音,a,あ,research/data/raw/reference/utau-samples/転少女（コロスケ）/単独音/あ.wav,44100,0.450000,265.662651,8.544157,-21.155618,0.325109,1179.568789,1591.111111,0.114537,0.859259,0.026204,-0.769556,-1.343729,0.005807
転少女（コロスケ）,転音コロ,単独音,i,い,research/data/raw/reference/utau-samples/転少女（コロスケ）/単独音/い.wav,44100,0.450000,308.391608,448.648823,-24.683561,0.210241,2308.252580,4617.777778,0.400278,0.017234,0.582458,7.042883,-0.167299,0.050103
転少女（コロスケ）,転音コロ,単独音,u,う,research/data/raw/reference/utau-samples/転少女（コロスケ）/単独音/う.wav,44100,0.450000,312.765957,9.126069,-23.100579,0.117101,659.533720,1564.444444,0.922619,0.045924,0.031455,-0.024126,-1.895643,0.016223
転少女（コロスケ）,転音コロ,単独音,e,え,research/data/raw/reference/utau-samples/転少女（コロスケ）/単独音/え.wav,44100,0.450000,304.137931,6.260913,-23.034522,0.102621,1690.969368,3655.555556,0.587459,0.259346,0.153195,2.466800,-0.822023,0.009140
転少女（コロスケ）,転音コロ,単独音,o,お,research/data/raw/reference/utau-samples/転少女（コロスケ）/単独音/お.wav,44100,0.450000,304.137931,5.800526,-19.958986,0.108470,821.396725,1211.111111,0.947848,0.037549,0.014602,-2.262872,-2.126016,0.002681
金田朋子,奏音トモ,単独音,a,あ,research/data/raw/reference/utau-samples/金田朋子/単独音/あ.wav,44100,0.450000,459.375000,12.128219,-13.807835,0.552656,1599.995163,2762.222222,0.101804,0.877472,0.020724,1.528576,-2.880940,0.023996
金田朋子,奏音トモ,単独音,i,い,research/data/raw/reference/utau-samples/金田朋子/単独音/い.wav,44100,0.450000,459.375000,383.756818,-11.521139,0.262213,572.834554,473.333333,0.974976,0.002492,0.022532,6.776001,-1.830640,0.018578
金田朋子,奏音トモ,単独音,u,う,research/data/raw/reference/utau-samples/金田朋子/単独音/う.wav,44100,0.450000,464.210526,278.185079,-9.184843,0.308901,522.477103,473.333333,0.973644,0.020493,0.005864,0.181908,-4.912173,0.005098
金田朋子,奏音トモ,単独音,e,え,research/data/raw/reference/utau-samples/金田朋子/単独音/え.wav,44100,0.450000,424.038462,280.175748,-13.118083,0.669921,1088.929707,3488.888889,0.861537,0.042867,0.095596,2.763504,-1.738271,0.029160
金田朋子,奏音トモ,単独音,o,お,research/data/raw/reference/utau-samples/金田朋子/単独音/お.wav,44100,0.450000,454.639175,11.797609,-14.444820,0.416896,788.862763,1355.555556,0.934345,0.055155,0.010499,-1.094193,-4.741115,0.010871
金田朋子,奏音トモ,単独音-Dark,a,あ,research/data/raw/reference/utau-samples/金田朋子/単独音-Dark/あ.wav,44100,0.450000,280.891720,272.527694,-18.563788,0.368540,1629.329851,2357.777778,0.115756,0.863481,0.020762,-1.744142,-1.907804,0.071641
金田朋子,奏音トモ,単独音-Dark,i,い,research/data/raw/reference/utau-samples/金田朋子/単独音-Dark/い.wav,44100,0.450000,277.358491,496.263608,-14.187254,1.322124,454.945753,555.555556,0.966083,0.001240,0.032676,6.468884,-0.466059,0.021112
金田朋子,奏音トモ,単独音-Dark,u,う,research/data/raw/reference/utau-samples/金田朋子/単独音-Dark/う.wav,44100,0.450000,273.913043,442.981180,-13.400987,1.344667,433.889473,551.111111,0.986402,0.007992,0.005606,-3.502411,-2.661994,0.007539
金田朋子,奏音トモ,単独音-Dark,e,え,research/data/raw/reference/utau-samples/金田朋子/単独音-Dark/え.wav,44100,0.450000,288.235294,530.253612,-12.154562,0.763507,565.304342,586.666667,0.970188,0.001915,0.027895,5.301700,-0.944459,0.023132
金田朋子,奏音トモ,単独音-Dark,o,お,research/data/raw/reference/utau-samples/金田朋子/単独音-Dark/お.wav,44100,0.450000,131.641791,278.811153,-14.224900,0.356136,513.619180,791.111111,0.988474,0.009917,0.001609,-1.493576,-0.800552,0.002369
門脇舞以,まいた,単独音_PLANE,a,あ,research/data/raw/reference/utau-samples/門脇舞以/単独音_PLANE/あ.wav,44100,0.450000,308.391608,9.017533,-17.240754,0.290566,861.447141,1237.777778,0.628204,0.368440,0.003356,-2.531675,-3.050224,0.001834
門脇舞以,まいた,単独音_PLANE,i,い,research/data/raw/reference/utau-samples/門脇舞以/単独音_PLANE/い.wav,44100,0.450000,310.563380,14.317123,-11.430445,0.474449,330.706820,315.555556,0.996153,0.000074,0.003773,7.240035,-0.536100,0.002089
門脇舞以,まいた,単独音_PLANE,u,う,research/data/raw/reference/utau-samples/門脇舞以/単独音_PLANE/う.wav,44100,0.450000,315.000000,9.284306,-11.088671,0.244763,334.815395,324.444444,0.995555,0.004298,0.000147,-2.271770,-3.640331,0.000338
門脇舞以,まいた,単独音_PLANE,e,え,research/data/raw/reference/utau-samples/門脇舞以/単独音_PLANE/え.wav,44100,0.450000,317.266187,15.250601,-16.132690,1.004431,624.322285,951.111111,0.958449,0.030785,0.010766,1.401969,-2.547397,0.008428
門脇舞以,まいた,単独音_PLANE,o,お,research/data/raw/reference/utau-samples/門脇舞以/単独音_PLANE/お.wav,44100,0.450000,312.765957,14.335654,-14.772540,0.277734,448.231365,628.888889,0.999634,0.000160,0.000206,-1.920576,-3.051761,0.000167
