presentation_id,more_human,more_natural_onset,more_natural_sustain,vowel_identity_a,vowel_identity_b,artifact_a,artifact_b,interference,reason_tags
W01,A,,A,,,False,True,False,クリック・継ぎ目
W02,A,A,,,,False,True,False,機械的
W03,A,SAME,,,,False,True,False,クリック・継ぎ目
W04,SAME,,SAME,,,False,False,False,
W05,SAME,,SAME,,,True,True,False,ループ感|クリック・継ぎ目
W06,SAME,,SAME,,,True,True,False,ループ感|クリック・継ぎ目
W07,B,,B,,,True,False,False,ループ感|クリック・継ぎ目
W08,B,,B,,,True,False,False,ループ感|クリック・継ぎ目
W09,A,B,,,,False,False,False,
W10,SAME,,SAME,,,True,True,False,機械的
W11,A,,,,,False,False,False,
W12,SAME,,SAME,,,True,True,False,ループ感|クリック・継ぎ目
W13,A,,A,,,True,False,False,ループ感|クリック・継ぎ目
W14,A,,,,,False,False,False,
W15,A,A,,,,False,False,False,
W16,B,,B,,,True,False,False,ループ感|クリック・継ぎ目
W17,,SAME,,False,False,True,True,False,機械的
